dataset;seed;C;n_coefs;F;X_valid_bas;X_valid_itr;X_valid_nsv;X_test_bas;X_test_itr;X_test_nsv
bupa;87498;32.0;4;0.6801196952339027;0.6931809888706439;91.2;0.6703167420814479;0.5957983193277311;136.0;0.644927536231884
bupa;19822;32.0;4;0.6374512672329941;0.6478106185002737;78.8;0.5280584121760592;0.5058823529411764;85.0;0.5072463768115942
bupa;37448;32.0;4;0.6841763479609629;0.6962506841817186;71.4;0.6268366927190456;0.6243697478991597;86.0;0.6159420289855072
bupa;95674;32.0;4;0.6408656364107683;0.661247947454844;822.2;0.6683257918552036;0.5949579831932773;641.0;0.48188405797101447
bupa;91937;32.0;4;0.6484446145013656;0.6600665936872834;85.2;0.5941999177293296;0.5941176470588235;93.0;0.5797101449275363
bupa;29155;32.0;4;0.6453442599656992;0.6572979383324211;69.2;0.6213986013986015;0.5647058823529412;87.0;0.6304347826086957
bupa;82876;32.0;4;0.6559092086735617;0.6780925013683634;418.8;0.9918510900863844;0.607983193277311;520.0;0.9891304347826086
bupa;96728;32.0;4;0.6554422468701726;0.6663108921729611;83.8;0.5533936651583711;0.5352941176470588;93.0;0.532608695652174
bupa;80573;32.0;4;0.6234941548800795;0.6345283707352672;152.4;0.5244220485396955;0.6084033613445379;129.0;0.4746376811594203
bupa;39750;32.0;4;0.6401897817357735;0.6537265097609926;89.6;0.6974496092143152;0.6966386554621848;116.0;0.6920289855072463
bupa;13652;32.0;4;0.6501880770510058;0.6632868089764641;98.2;0.6684944467297408;0.6668067226890757;118.0;0.6884057971014492
bupa;87605;32.0;4;0.6375408027542254;0.6476874657909141;59.2;0.5272069107363225;0.5512605042016807;78.0;0.5362318840579711
bupa;1718;32.0;4;0.6496794532679532;0.6597837985769021;61.6;0.5235376388317564;0.5512605042016807;69.0;0.4782608695652174
bupa;34488;32.0;4;0.666836483392617;0.6785075716110198;67.2;0.606910736322501;0.5945378151260504;84.0;0.6086956521739131
bupa;41856;32.0;4;0.668514985531367;0.6807471264367816;82.2;0.6295475113122172;0.6071428571428572;95.0;0.605072463768116
bupa;78578;32.0;4;0.6145949740119199;0.6268837803320562;107.4;0.6186754422048539;0.6369747899159663;162.0;0.6195652173913043
bupa;37134;32.0;4;0.6622548371968515;0.6737730341178617;91.2;0.5851378033730974;0.5495798319327732;80.0;0.5507246376811594
bupa;74923;32.0;4;0.6412420547731201;0.6634966247035212;463.4;0.971007815713698;0.638235294117647;564.0;0.9565217391304348
bupa;37837;32.0;4;0.6428912143513299;0.6556148513045065;108.2;0.6422336487042369;0.6075630252100841;143.0;0.6521739130434783
bupa;71477;32.0;4;0.663630557621981;0.6744754606823572;127.0;0.528083093377211;0.5348739495798319;169.0;0.47101449275362317
bupa;51869;32.0;4;0.6716045468015438;0.681777960226236;58.6;0.5290168654874537;0.5516806722689076;68.0;0.4927536231884058
bupa;23128;32.0;4;0.6811484502267419;0.7067962050720671;761.4;0.99275606746195;0.5781512605042016;1800.0;0.9891304347826086
bupa;50575;32.0;4;0.6845419957239783;0.6963555920452473;73.2;0.6114438502673797;0.5642857142857143;76.0;0.5507246376811594
bupa;42750;32.0;4;0.6494356333191327;0.6591954022988505;63.2;0.503628136569313;0.5508403361344538;80.0;0.5072463768115942
bupa;44271;32.0;4;0.6433656597009847;0.6558702791461413;71.8;0.6503661044837517;0.638235294117647;93.0;0.6739130434782609
bupa;68520;32.0;4;0.6303570411143832;0.6434911512497721;75.6;0.6830028794734677;0.7247899159663866;97.0;0.7028985507246377
bupa;13150;32.0;4;0.6952579618620495;0.7058885239919722;68.2;0.5489181406828466;0.5651260504201681;74.0;0.5144927536231884
bupa;57967;32.0;4;0.6776488263878025;0.6894316730523627;133.8;0.5760798025503908;0.55;159.0;0.5362318840579711
bupa;47079;32.0;4;0.6333724979614167;0.6466703156358329;108.2;0.6739284245166598;0.623109243697479;137.0;0.6666666666666666
bupa;80300;32.0;4;0.6883802329441275;0.7004196314541142;110.4;0.603241464417935;0.5365546218487395;123.0;0.5652173913043478
bupa;18176;32.0;4;0.6438036360632049;0.6556330961503376;215.0;0.5335417523652818;0.5214285714285714;370.0;0.5181159420289855
bupa;89597;32.0;4;0.6843327724902378;0.6964696223316913;177.2;0.5715096668037845;0.47941176470588237;288.0;0.5615942028985508
bupa;79959;32.0;4;0.6467018646772152;0.6593094325852946;80.4;0.6512710818593173;0.6222689075630252;82.0;0.5797101449275363
bupa;85035;32.0;4;0.6561717957645729;0.6668308702791461;61.2;0.5543809132044426;0.6067226890756303;64.0;0.463768115942029
bupa;3786;32.0;4;0.6533147766800426;0.6663108921729611;97.8;0.6630522418757712;0.5382352941176471;134.0;0.6702898550724637
bupa;19593;32.0;4;0.6553713694431571;0.6675013683634373;70.4;0.6304648292883587;0.6088235294117648;88.0;0.6376811594202898
bupa;95531;32.0;4;0.6402309754474848;0.6525725232621783;102.8;0.6241423282599754;0.5941176470588235;134.0;0.605072463768116
bupa;38297;32.0;4;0.6537692874195211;0.6659505564677979;142.4;0.5932949403537638;0.5226890756302521;158.0;0.5760869565217391
bupa;74740;32.0;4;0.6656143524615171;0.6873791278963692;398.4;0.9800822706705059;0.6369747899159663;536.0;0.9710144927536232
bupa;68043;32.0;4;0.6515192806584242;0.6636836343732895;70.6;0.632250102838338;0.6365546218487395;88.0;0.6376811594202898
bupa;28922;32.0;4;0.6554257633561363;0.6684181718664477;84.4;0.6702920608802961;0.6100840336134454;100.0;0.6521739130434783
bupa;17892;32.0;4;0.6748643592275085;0.6983579638752052;549.0;0.991846976552859;0.6088235294117648;949.0;0.9855072463768116
bupa;3325;32.0;4;0.6354140727687777;0.645780879401569;61.6;0.5380255039078568;0.5365546218487395;75.0;0.5362318840579711
bupa;70134;32.0;4;0.6526779657238692;0.6651477832512315;71.6;0.6485561497326203;0.5651260504201681;86.0;0.6231884057971014
bupa;32325;32.0;4;0.6508603746124692;0.6634008392629083;72.0;0.652233648704237;0.6378151260504201;90.0;0.6521739130434783
bupa;15431;32.0;4;0.6339346555672951;0.6444946177704798;61.2;0.5489099136157959;0.5785714285714285;84.0;0.5652173913043478
bupa;48499;32.0;4;0.690968049496469;0.7034893267651887;135.4;0.6159522830111066;0.5668067226890756;165.0;0.6268115942028986
bupa;35634;32.0;4;0.6555178246503539;0.6656495165115854;61.0;0.52538050185109;0.5348739495798319;79.0;0.5289855072463768
bupa;75916;32.0;4;0.6771500889834738;0.6891488779419814;75.4;0.6204442616207323;0.538655462184874;91.0;0.605072463768116
bupa;52306;32.0;4;0.7209762665825811;0.7325807334428024;67.2;0.6032332373508844;0.5953781512605042;78.0;0.5579710144927537
bupa;57556;32.0;4;0.6604131773435724;0.6738961868272213;128.2;0.6730399012751953;0.5932773109243697;159.0;0.6485507246376812
bupa;71476;32.0;4;0.625578632607361;0.6374566684911513;68.2;0.617778691896339;0.623109243697479;83.0;0.6014492753623188
bupa;46810;32.0;4;0.6573784976206928;0.6704387885422369;83.0;0.6748169477581243;0.5084033613445378;106.0;0.6884057971014492
bupa;63495;32.0;4;0.663286603953219;0.6744754606823571;65.0;0.5815137803373098;0.5214285714285714;80.0;0.5797101449275363
bupa;54551;32.0;4;0.6773680660755139;0.6884099616858238;63.4;0.5742904154668861;0.5941176470588235;81.0;0.5869565217391305
bupa;10070;32.0;4;0.6391906882489164;0.6495803685458857;60.6;0.5398436857260386;0.5373949579831933;76.0;0.5362318840579711
bupa;59520;32.0;4;0.6491122573682764;0.6603128991060025;103.6;0.5607198683669272;0.5222689075630252;113.0;0.5543478260869565
bupa;71675;32.0;4;0.665283880059213;0.6766465973362525;66.0;0.5905553270259153;0.49159663865546216;85.0;0.6014492753623188
bupa;49870;32.0;4;0.680496436237132;0.691716839992702;161.0;0.5299218428630194;0.5373949579831933;231.0;0.5253623188405797
bupa;98297;32.0;4;0.6659237005518645;0.6778279511038132;118.2;0.591447963800905;0.5218487394957982;125.0;0.5507246376811594
bupa;87498;32.0;3;0.6761652840321594;0.6885604816639299;119.6;0.6177704648292883;0.5659663865546218;303.0;0.5797101449275363
bupa;19822;32.0;3;0.6446226651615133;0.6586115672322569;85.6;0.7246318387494858;0.6827731092436975;92.0;0.6666666666666666
bupa;37448;32.0;3;0.6824395432765878;0.6955893085203428;131.0;0.653089263677499;0.5521008403361345;145.0;0.6485507246376812
bupa;95674;32.0;3;0.6355819083293949;0.6515644955300127;94.6;0.8296832579185521;0.6810924369747899;113.0;0.8043478260869565
bupa;91937;32.0;3;0.6434907589748183;0.6572523262178434;146.2;0.6784162895927601;0.6978991596638655;197.0;0.6811594202898551
bupa;29155;32.0;3;0.6304273591764771;0.6447682904579455;210.2;0.6748416289592761;0.6533613445378151;140.0;0.6594202898550725
bupa;82876;32.0;3;0.657203252822245;0.6711959496442257;120.2;0.7056190867955575;0.580672268907563;169.0;0.7065217391304348
bupa;96728;32.0;3;0.6875412293078093;0.6988323298668127;65.4;0.5869354175236527;0.6088235294117648;76.0;0.5507246376811594
bupa;80573;32.0;3;0.6213880179245291;0.6344234628717388;75.6;0.6775565610859727;0.6668067226890757;93.0;0.6739130434782609
bupa;39750;32.0;3;0.6546319395377955;0.6681353767560665;112.4;0.6829452900041136;0.6953781512605042;161.0;0.677536231884058
bupa;13652;32.0;3;0.6425044513721866;0.6560390439700784;113.8;0.683887289181407;0.6659663865546219;145.0;0.6847826086956522
bupa;87605;32.0;3;0.6520255645823377;0.6742747673782157;427.0;0.9909337721102428;0.6970588235294117;602.0;0.9891304347826086
bupa;1718;32.0;3;0.6472930474196018;0.6598111658456486;182.4;0.5896668037844509;0.5357142857142857;176.0;0.5688405797101449
bupa;34488;32.0;3;0.6806402682480819;0.6934455391351942;98.4;0.6521842863019334;0.523109243697479;119.0;0.6630434782608695
bupa;41856;32.0;3;0.6832565254422341;0.6970078452837074;119.0;0.6929617441382148;0.6210084033613446;125.0;0.6485507246376812
bupa;78578;32.0;3;0.6411218576615657;0.6516192300675059;81.0;0.5344549568078979;0.5063025210084033;90.0;0.5072463768115942
bupa;37134;32.0;3;0.6524098915108925;0.6626436781609195;61.4;0.5307939119703825;0.5357142857142857;68.0;0.4855072463768116
bupa;74923;32.0;3;0.6417552214536075;0.663136288998358;344.0;0.9891238173591116;0.6521008403361345;413.0;0.9855072463768116
bupa;37837;32.0;3;0.6336313055805515;0.6443714650611202;62.8;0.5579679144385027;0.6088235294117648;71.0;0.5
bupa;71477;32.0;3;0.6582283965140698;0.6693805874840357;64.6;0.5797120526532291;0.5789915966386554;77.0;0.5579710144927537
bupa;51869;32.0;3;0.6742616367702353;0.6852353585112205;66.4;0.5688605512134923;0.5525210084033614;79.0;0.5652173913043478
bupa;23128;32.0;3;0.677234429921726;0.6923508483853311;378.6;0.6240929658576717;0.5504201680672269;634.0;0.5978260869565217
bupa;50575;32.0;3;0.6914852015612665;0.7029875935048349;71.6;0.5951542575071987;0.6378151260504201;79.0;0.5507246376811594
bupa;42750;32.0;3;0.6544553379965454;0.667642765918628;84.2;0.6811682435211848;0.6092436974789917;99.0;0.6666666666666666
bupa;44271;32.0;3;0.6649765478941332;0.686672140120416;373.6;0.9900411353352532;0.6659663865546219;452.0;0.9891304347826086
bupa;68520;32.0;3;0.6279926178448976;0.6409505564677979;74.4;0.6739448786507609;0.6966386554621848;89.0;0.644927536231884
bupa;13150;32.0;3;0.6668427482324211;0.6778279511038132;67.6;0.5688276429452901;0.5205882352941176;75.0;0.5289855072463768
bupa;57967;32.0;3;0.6727295296593736;0.6857553366174056;141.6;0.640357877416701;0.5504201680672269;149.0;0.6123188405797102
bupa;47079;32.0;3;0.6428334886566432;0.6530377668308702;61.8;0.5289428218839983;0.5794117647058823;72.0;0.5144927536231884
bupa;80300;32.0;3;0.6919320607508498;0.7050310162379126;116.2;0.6585067873303166;0.5529411764705883;121.0;0.6376811594202898
bupa;18176;32.0;3;0.6255849811369477;0.638268564130633;81.4;0.6549115590292061;0.5815126050420169;110.0;0.6376811594202898
bupa;89597;32.0;3;0.6859101422482233;0.6977650063856962;69.2;0.615944055944056;0.5928571428571429;90.0;0.6231884057971014
bupa;79959;32.0;3;0.6370795681945253;0.6478197409231891;66.0;0.5561908679555738;0.4630252100840336;80.0;0.5652173913043478
bupa;85035;32.0;3;0.6533130159682324;0.6642993979200875;64.4;0.5706705059646235;0.5781512605042016;70.0;0.5072463768115942
bupa;3786;32.0;3;0.6642034756504727;0.6754287538770297;78.4;0.5760798025503908;0.5516806722689076;95.0;0.5797101449275363
bupa;19593;32.0;3;0.6654171983606898;0.6788952745849297;88.6;0.6947675853558207;0.6529411764705882;128.0;0.6884057971014492
bupa;95531;32.0;3;0.6427918169407719;0.6565590220762635;176.0;0.6621719457013574;0.6819327731092437;239.0;0.6485507246376812
bupa;38297;32.0;3;0.6677071799475671;0.6803685458857873;151.0;0.6150185109008639;0.5365546218487395;139.0;0.5905797101449275
bupa;74740;32.0;3;0.6495962507236649;0.671205072067141;366.6;0.9891402714932127;0.6680672268907563;451.0;0.9855072463768116
bupa;68043;32.0;3;0.6504316679562513;0.6639390622149243;150.2;0.6621637186343068;0.6243697478991597;199.0;0.6739130434782609
bupa;28922;32.0;3;0.6546470591343375;0.6680213464696223;93.0;0.686593994241053;0.5941176470588235;143.0;0.677536231884058
bupa;17892;32.0;3;0.6731726413430047;0.6952882685641306;418.6;0.9882270670505966;0.6235294117647059;548.0;0.9818840579710145
bupa;3325;32.0;3;0.6321126328946683;0.6463282247765006;121.2;0.7173673385438091;0.6668067226890757;130.0;0.677536231884058
bupa;70134;32.0;3;0.6651611923343337;0.6782430213464696;101.4;0.6657836281365693;0.5529411764705883;120.0;0.6485507246376812
bupa;32325;32.0;3;0.6547282107976394;0.6678617040686007;88.6;0.6757466063348415;0.6369747899159663;120.0;0.6666666666666666
bupa;15431;32.0;3;0.641146687565243;0.6524402481299033;65.6;0.5869600987248046;0.6365546218487395;77.0;0.5579710144927537
bupa;48499;32.0;3;0.6790484906972252;0.6922550629447182;208.4;0.6132250102838339;0.47815126050420165;300.0;0.605072463768116
bupa;35634;32.0;3;0.6494631889694285;0.6590083926290823;58.2;0.49456190867955574;0.6222689075630252;79.0;0.5217391304347826
bupa;75916;32.0;3;0.6837419488780939;0.6969804780149607;115.4;0.6666556972439326;0.6831932773109244;108.0;0.6195652173913043
bupa;52306;32.0;3;0.7095969806985991;0.7225095785440614;102.6;0.6557754010695187;0.6394957983193277;156.0;0.6485507246376812
bupa;57556;32.0;3;0.6559328507435703;0.6697865353037766;184.6;0.6621678321678321;0.5487394957983194;219.0;0.6340579710144928
bupa;71476;32.0;3;0.6424062176770748;0.6557471264367816;76.6;0.693862607980255;0.6680672268907563;94.0;0.6811594202898551
bupa;46810;32.0;3;0.6641417738630896;0.6765416894727239;71.2;0.6449197860962567;0.5953781512605042;85.0;0.6159420289855072
bupa;63495;32.0;3;0.6554565370535693;0.6680031016237912;87.4;0.6440148087206911;0.6214285714285714;111.0;0.644927536231884
bupa;54551;32.0;3;0.6849846110323224;0.6959587666484218;63.2;0.570662278897573;0.5365546218487395;76.0;0.5362318840579711
bupa;10070;32.0;3;0.6258567500755965;0.6364167122787812;61.2;0.5489099136157959;0.523109243697479;82.0;0.5507246376811594
bupa;59520;32.0;3;0.6580776134666467;0.6705528188286808;95.0;0.6358535582064994;0.5936974789915966;129.0;0.6231884057971014
bupa;71675;32.0;3;0.6652018174670083;0.6784528370735267;126.4;0.6612340600575894;0.5210084033613445;160.0;0.6702898550724637
bupa;49870;32.0;3;0.7058881594327842;0.7175287356321839;77.2;0.5996709173179762;0.6378151260504201;81.0;0.5652173913043478
bupa;98297;32.0;3;0.6368997755142918;0.648709177157453;68.0;0.6141011929247224;0.6235294117647059;84.0;0.6086956521739131
bupa;87498;32.0;5;0.6848681340902877;0.706663929939792;385.2;0.9891279308926368;0.5966386554621849;561.0;0.9855072463768116
bupa;19822;32.0;5;0.6414046331812449;0.6509852216748768;55.2;0.4981818181818182;0.5945378151260504;67.0;0.4855072463768116
bupa;37448;32.0;5;0.6780841802023122;0.6896962233169128;97.2;0.5869847799259563;0.5508403361344538;119.0;0.5869565217391305
bupa;95674;32.0;5;0.6233804105371263;0.6455345739828499;420.8;0.9891320444261622;0.6941176470588235;681.0;0.9818840579710145
bupa;91937;32.0;5;0.6341872197483364;0.6560892172961139;387.6;0.9936569313039902;0.6100840336134454;511.0;0.9927536231884058
bupa;29155;32.0;5;0.6449923503304532;0.6560207991242473;91.4;0.5579925956396544;0.6084033613445379;100.0;0.5434782608695652
bupa;82876;32.0;5;0.6444868792718029;0.656143951833607;83.8;0.5969148498560264;0.47815126050420165;189.0;0.5869565217391305
bupa;96728;32.0;5;0.6560647125050952;0.6668126254333151;63.6;0.5579514603044016;0.5508403361344538;78.0;0.5289855072463768
bupa;80573;32.0;5;0.6246957383420034;0.6345374931581828;66.4;0.5063759769642122;0.476890756302521;85.0;0.45652173913043476
bupa;39750;32.0;5;0.6327711562060933;0.6425789089582195;79.4;0.49727684080625256;0.5798319327731092;95.0;0.4782608695652174
bupa;13652;32.0;5;0.6309961539719455;0.6442665571975917;110.4;0.6711929247223365;0.696218487394958;124.0;0.6485507246376812
bupa;87605;32.0;5;0.6483810101643465;0.6592136471446817;62.2;0.563406005758947;0.5508403361344538;81.0;0.5869565217391305
bupa;1718;32.0;5;0.6461487243986803;0.6565042875387703;63.8;0.5361826408885232;0.5512605042016807;83.0;0.5144927536231884
bupa;34488;32.0;5;0.6515211724602985;0.6638250319284802;71.4;0.6395063759769644;0.565546218487395;91.0;0.644927536231884
bupa;41856;32.0;5;0.6869425055318872;0.6995393176427658;74.4;0.6540106951871658;0.5340336134453781;91.0;0.6304347826086957
bupa;78578;32.0;5;0.6378295337331629;0.6477923736544426;63.8;0.5145043192102016;0.55;85.0;0.572463768115942
bupa;37134;32.0;5;0.6559531428035045;0.6667442072614487;64.6;0.5597778691896339;0.5773109243697478;75.0;0.5289855072463768
bupa;74923;32.0;5;0.6421894704104335;0.6642902754971721;420.4;0.9864088852324148;0.6390756302521008;537.0;0.9818840579710145
bupa;37837;32.0;5;0.6763260631058718;0.6884190841087394;102.6;0.6105347593582888;0.6226890756302521;113.0;0.605072463768116
bupa;71477;32.0;5;0.653481278490318;0.6654305783616128;109.6;0.5987124640065817;0.5789915966386554;100.0;0.5398550724637681
bupa;51869;32.0;5;0.67598181853782;0.686115672322569;61.2;0.5253887289181407;0.623109243697479;77.0;0.5
bupa;23128;32.0;5;0.6489742930683491;0.6598202882685642;84.8;0.5515878239407652;0.5067226890756302;108.0;0.5181159420289855
bupa;50575;32.0;5;0.6918345880258305;0.7038679073161831;82.0;0.6186836692719047;0.6533613445378151;98.0;0.605072463768116
bupa;42750;32.0;5;0.6443168865191309;0.6545931399379674;59.0;0.5344714109419992;0.4789915966386554;72.0;0.5217391304347826
bupa;44271;32.0;5;0.6412555099308782;0.6520251778872469;62.4;0.5598190045248869;0.5785714285714285;75.0;0.5434782608695652
bupa;68520;32.0;5;0.6369998951989208;0.648189199051268;65.0;0.5815384615384616;0.6373949579831932;82.0;0.5942028985507246
bupa;13150;32.0;5;0.6743160125405033;0.6853493887976647;75.6;0.5670423693953106;0.507563025210084;79.0;0.5072463768115942
bupa;57967;32.0;5;0.68864110983577;0.6996533479292101;63.8;0.5724310983134513;0.565546218487395;79.0;0.5579710144927537
bupa;47079;32.0;5;0.6364367789701812;0.6465471629264732;62.2;0.5235376388317565;0.6668067226890757;83.0;0.5072463768115942
bupa;80300;32.0;5;0.6634686104847716;0.6852262360883051;381.4;0.989132044426162;0.5084033613445378;493.0;0.9855072463768116
bupa;18176;32.0;5;0.6329157575120623;0.6458264915161467;84.4;0.6657836281365692;0.5970588235294118;113.0;0.6521739130434783
bupa;89597;32.0;5;0.6788332019650919;0.6894590403211093;61.2;0.5525462772521597;0.5226890756302521;74.0;0.5289855072463768
bupa;79959;32.0;5;0.6391423362830675;0.6629948914431674;581.4;0.9936610448375156;0.5189075630252101;566.0;0.9782608695652174
bupa;85035;32.0;5;0.6446218558611627;0.6557288815909506;99.2;0.5579967091731797;0.5789915966386554;127.0;0.5688405797101449
bupa;3786;32.0;5;0.6567773853535384;0.6702700237182995;258.0;0.6014603044014809;0.5794117647058823;271.0;0.5869565217391305
bupa;19593;32.0;5;0.6591317818544646;0.6716018974639665;71.6;0.6485726038667214;0.5949579831932773;89.0;0.644927536231884
bupa;95531;32.0;5;0.6363894651769464;0.6486042692939245;106.6;0.6150349650349651;0.6810924369747899;126.0;0.6123188405797102
bupa;38297;32.0;5;0.6606047389127908;0.6737456668491152;102.4;0.6684903331962155;0.6214285714285714;122.0;0.6739130434782609
bupa;74740;32.0;5;0.6473882866454962;0.6594325852946542;88.0;0.6159563965446317;0.6096638655462185;118.0;0.6195652173913043
bupa;68043;32.0;5;0.6471992989184762;0.6593276774311257;111.0;0.607819827231592;0.6239495798319328;170.0;0.6268115942028986
bupa;28922;32.0;5;0.6656008280612522;0.6780742565225323;169.8;0.5941999177293296;0.6100840336134454;213.0;0.5688405797101449
bupa;17892;32.0;5;0.6552583895536317;0.6779237365444263;504.2;0.9710160427807487;0.6533613445378151;721.0;0.967391304347826
bupa;3325;32.0;5;0.6458734973849843;0.6592045247217662;101.8;0.6793171534348005;0.5516806722689076;117.0;0.6557971014492754
bupa;70134;32.0;5;0.6588198426969483;0.6807562488596971;400.8;0.9882229535170712;0.565546218487395;499.0;0.9855072463768116
bupa;32325;32.0;5;0.633018485945662;0.6452700237182996;87.4;0.6277293294940354;0.6105042016806723;102.0;0.605072463768116
bupa;15431;32.0;5;0.627753625635714;0.6383643495712461;118.4;0.5199341834635952;0.6210084033613446;137.0;0.532608695652174
bupa;48499;32.0;5;0.7012341601688107;0.7142218573253057;152.4;0.6322542163718634;0.5798319327731092;163.0;0.6231884057971014
bupa;35634;32.0;5;0.6484157118607908;0.6591589126071885;185.4;0.49002468120115183;0.49369747899159666;172.0;0.47101449275362317
bupa;75916;32.0;5;0.6887550990604612;0.7007982120051086;71.6;0.6250020567667626;0.596218487394958;89.0;0.6231884057971014
bupa;52306;32.0;5;0.7098690977260516;0.7221309979930669;106.4;0.6177457836281366;0.5659663865546218;167.0;0.5905797101449275
bupa;57556;32.0;5;0.6473017452549377;0.6591954022988504;115.4;0.5924187577128753;0.5352941176470588;118.0;0.5652173913043478
bupa;71476;32.0;5;0.6298940897394244;0.6420954205436964;92.2;0.6222912381735911;0.5957983193277311;111.0;0.5978260869565217
bupa;46810;32.0;5;0.6617489687524524;0.6739919722678344;186.0;0.5724804607157548;0.49411764705882355;192.0;0.5688405797101449
bupa;63495;32.0;5;0.6523706903077879;0.6624931581828134;65.0;0.522649115590292;0.5508403361344538;78.0;0.5144927536231884
bupa;54551;32.0;5;0.6700419481801217;0.6824393358876117;90.6;0.6340024681201151;0.5945378151260504;133.0;0.6231884057971014
bupa;10070;32.0;5;0.6452599762495917;0.6560983397190294;95.4;0.5452776635129577;0.5235294117647059;110.0;0.532608695652174
bupa;59520;32.0;5;0.6495982803864891;0.6706486042692938;428.8;0.9237556561085973;0.638235294117647;779.0;0.9565217391304348
bupa;71675;32.0;5;0.6693138834720986;0.6807380040138662;65.6;0.5941670094611271;0.5638655462184874;83.0;0.5942028985507246
bupa;49870;32.0;5;0.6944256582132498;0.7057562488596971;172.0;0.5298930481283423;0.5945378151260504;201.0;0.532608695652174
bupa;98297;32.0;5;0.6378413591060209;0.6497582557927386;148.8;0.5751460304401481;0.6378151260504201;166.0;0.5869565217391305
bupa;87498;2048.0;4;0.6796003494428179;0.6917259624156176;127.0;0.5987782805429864;0.5672268907563025;143.0;0.605072463768116
bupa;19822;2048.0;4;0.6345705256599075;0.6447774128808612;62.0;0.5289757301522007;0.49117647058823527;74.0;0.5
bupa;37448;2048.0;4;0.6878573810536505;0.6998129903302316;121.6;0.5923940765117236;0.6084033613445379;105.0;0.5579710144927537
bupa;95674;2048.0;4;0.6411876766697517;0.6511357416529829;95.0;0.4963554092965857;0.623109243697479;130.0;0.4746376811594203
bupa;91937;2048.0;4;0.6368862428054156;0.6500045612114578;131.2;0.65124228712464;0.6533613445378151;195.0;0.6304347826086957
bupa;29155;2048.0;4;0.6478567329738069;0.6701377485860245;443.2;0.9836898395721925;0.7105042016806723;603.0;0.9855072463768116
bupa;82876;2048.0;4;0.6628255802128057;0.6736042692939245;63.4;0.5597614150555327;0.638235294117647;79.0;0.5579710144927537
bupa;96728;2048.0;4;0.6735219624562819;0.6846971355592044;89.8;0.566980666392431;0.5651260504201681;113.0;0.5471014492753623
bupa;80573;2048.0;4;0.625968970577622;0.6415571975916803;365.2;0.6575812422871247;0.6672268907563026;368.0;0.6594202898550725
bupa;39750;2048.0;4;0.6307105343375078;0.6408775770844738;85.8;0.5135540929658576;0.5504201680672269;110.0;0.5253623188405797
bupa;13652;2048.0;4;0.6335081415891011;0.6475460682357234;281.2;0.6186713286713287;0.623109243697479;402.0;0.6159420289855072
bupa;87605;2048.0;4;0.6545673213054596;0.6665845648604269;69.0;0.6250185109008639;0.6243697478991597;82.0;0.5942028985507246
bupa;1718;2048.0;4;0.6424301353955645;0.6524037584382413;58.4;0.5180995475113122;0.5659663865546218;70.0;0.5
bupa;34488;2048.0;4;0.6515493599117596;0.6627668308702791;64.6;0.5833155080213903;0.6096638655462185;84.0;0.6086956521739131
bupa;41856;2048.0;4;0.6767057435016469;0.6892218573253055;76.2;0.6485561497326203;0.5789915966386554;95.0;0.6376811594202898
bupa;78578;2048.0;4;0.6255087901592223;0.6372103630724321;86.6;0.5978157136980665;0.5781512605042016;106.0;0.5905797101449275
bupa;37134;2048.0;4;0.6588234839570937;0.669125159642401;61.6;0.5344302756067462;0.5491596638655463;67.0;0.47101449275362317
bupa;74923;2048.0;4;0.6208623651958601;0.6384966247035212;886.4;0.48096668037844503;0.58109243697479;1800.0;0.48188405797101447
bupa;37837;2048.0;4;0.6399626838972239;0.651249771939427;68.2;0.585158371040724;0.6243697478991597;73.0;0.5072463768115942
bupa;71477;2048.0;4;0.6623142215587537;0.6738596971355593;110.2;0.5760880296174414;0.6088235294117648;143.0;0.5398550724637681
bupa;51869;2048.0;4;0.6820607298886908;0.6926153986498813;60.6;0.548951048951049;0.58109243697479;77.0;0.5579710144927537
bupa;23128;2048.0;4;0.6515614525225162;0.6629948914431674;84.4;0.5842369395310572;0.5504201680672269;101.0;0.5942028985507246
bupa;50575;2048.0;4;0.681139975569599;0.6928799489144317;92.0;0.5969354175236529;0.5079831932773109;93.0;0.5688405797101449
bupa;42750;2048.0;4;0.6559659065151173;0.6778553183725599;389.6;0.9918510900863844;0.66890756302521;510.0;0.9891304347826086
bupa;44271;2048.0;4;0.6560772307149851;0.6786216018974638;461.2;0.9882270670505966;0.6949579831932773;697.0;0.9855072463768116
bupa;68520;2048.0;4;0.6214106153161626;0.6335066593687284;76.8;0.625034965034965;0.5819327731092437;95.0;0.6485507246376812
bupa;13150;2048.0;4;0.6732550601817071;0.6854907863528553;84.2;0.628634306869601;0.5214285714285714;116.0;0.6231884057971014
bupa;57967;2048.0;4;0.6767033182559242;0.6901204159824849;245.6;0.6041793500617031;0.5932773109243697;172.0;0.605072463768116
bupa;47079;2048.0;4;0.6374611841378091;0.6503831417624522;77.4;0.670292060880296;0.6390756302521008;97.0;0.6739130434782609
bupa;80300;2048.0;4;0.6858290120967606;0.7043787629994527;510.0;0.7406129164952694;0.4512605042016807;1800.0;0.4601449275362319
bupa;18176;2048.0;4;0.645307736419607;0.656029921547163;113.2;0.5289757301522007;0.5079831932773109;129.0;0.5507246376811594
bupa;89597;2048.0;4;0.6746833267572531;0.6853767560664112;61.4;0.5561661867544221;0.5941176470588235;81.0;0.5797101449275363
bupa;79959;2048.0;4;0.6483345416387352;0.659669768290458;139.8;0.5480378445084327;0.4336134453781513;134.0;0.5507246376811594
bupa;85035;2048.0;4;0.6523933337985502;0.664828498449188;71.4;0.6467544220485397;0.623109243697479;89.0;0.644927536231884
bupa;3786;2048.0;4;0.6552546600394735;0.6669813902572523;115.2;0.5833155080213904;0.5226890756302521;139.0;0.5905797101449275
bupa;19593;2048.0;4;0.6548188393193465;0.6668673599708083;99.8;0.6096338955162486;0.6092436974789917;117.0;0.5869565217391305
bupa;95531;2048.0;4;0.6291633893701978;0.641584564860427;94.4;0.6332044426162073;0.6088235294117648;121.0;0.6304347826086957
bupa;38297;2048.0;4;0.6590930044884319;0.6708173690932313;119.8;0.5806293706293707;0.5361344537815126;113.0;0.5362318840579711
bupa;74740;2048.0;4;0.6622261388494082;0.6840631271665755;417.0;0.9737350884409708;0.6512605042016807;542.0;0.967391304347826
bupa;68043;2048.0;4;0.6517951804289885;0.6635331143951834;67.4;0.6104895104895105;0.638235294117647;81.0;0.5869565217391305
bupa;28922;2048.0;4;0.6541232497997865;0.6669631454114213;181.8;0.6077622377622378;0.6088235294117648;305.0;0.605072463768116
bupa;17892;2048.0;4;0.6767602069385736;0.6988870644043058;413.2;0.991846976552859;0.6247899159663866;561.0;0.9891304347826086
bupa;3325;2048.0;4;0.6615259175665735;0.6718299580368544;110.8;0.507227478403949;0.5390756302521009;120.0;0.48188405797101447
bupa;70134;2048.0;4;0.6588541065862699;0.6704022988505747;172.4;0.541682435211847;0.5932773109243697;158.0;0.5036231884057971
bupa;32325;2048.0;4;0.6476860370931717;0.6604634190841088;94.0;0.653089263677499;0.6378151260504201;124.0;0.644927536231884
bupa;15431;2048.0;4;0.6261534004459968;0.637096332785988;63.4;0.5688276429452899;0.5789915966386554;78.0;0.5652173913043478
bupa;48499;2048.0;4;0.6905475483505953;0.7025907681080095;187.4;0.5606746194981488;0.5508403361344538;190.0;0.5543478260869565
bupa;35634;2048.0;4;0.6554164747120476;0.6655172413793103;61.2;0.5235623200329083;0.5789915966386554;73.0;0.4927536231884058
bupa;75916;2048.0;4;0.6729039099584343;0.6844325852946543;66.2;0.5996051007815714;0.6810924369747899;77.0;0.5579710144927537
bupa;52306;2048.0;4;0.7040758612902321;0.7159140667761358;77.4;0.6104689428218839;0.5672268907563025;88.0;0.5869565217391305
bupa;57556;2048.0;4;0.6470029696298547;0.6589126071884692;159.4;0.568856437679967;0.5651260504201681;126.0;0.5434782608695652
bupa;71476;2048.0;4;0.6297175858580083;0.6419905126801678;105.8;0.6186877828054299;0.6226890756302521;136.0;0.5869565217391305
bupa;46810;2048.0;4;0.6708830367965873;0.684592227695676;185.0;0.6539695598519126;0.58109243697479;1010.0;0.677536231884058
bupa;63495;2048.0;4;0.6572846534624469;0.6696861886517059;84.4;0.6376758535582064;0.6794117647058824;119.0;0.6557971014492754
bupa;54551;2048.0;4;0.6706551875406052;0.6814176245210728;61.8;0.5597531879884821;0.5222689075630252;67.0;0.4855072463768116
bupa;10070;2048.0;4;0.6259529002711822;0.6363118044152526;60.8;0.5380337309749074;0.47941176470588237;71.0;0.4927536231884058
bupa;59520;2048.0;4;0.6555713504582453;0.6664340448823208;86.4;0.5516207322089676;0.5508403361344538;101.0;0.5615942028985508
bupa;71675;2048.0;4;0.6543860529717968;0.6700054734537492;555.8;0.5534142328259976;0.4201680672268907;1695.0;0.5579710144927537
bupa;49870;2048.0;4;0.6909194600683047;0.7019202700237183;147.4;0.5253558206499382;0.4789915966386554;131.0;0.4891304347826087
bupa;98297;2048.0;4;0.6554322855589502;0.6674922459405218;163.0;0.5751542575071987;0.6092436974789917;213.0;0.5471014492753623
bupa;87498;2048.0;3;0.6919158899742505;0.7136653895274585;380.6;0.9891279308926368;0.6109243697478991;477.0;0.9855072463768116
bupa;19822;2048.0;3;0.63880150462499;0.6530651340996169;150.4;0.7037967914438502;0.6373949579831932;120.0;0.644927536231884
bupa;37448;2048.0;3;0.6944288980822184;0.7069467250501733;166.0;0.5987618264088853;0.5647058823529412;201.0;0.5760869565217391
bupa;95674;2048.0;3;0.6279368125774334;0.6504196314541142;461.6;0.9846071575483342;0.7239495798319329;668.0;0.9782608695652174
bupa;91937;2048.0;3;0.6398075515548398;0.6527914614121512;83.6;0.6702673796791443;0.6836134453781513;100.0;0.6521739130434783
bupa;29155;2048.0;3;0.6319472989439479;0.6538496624703523;386.0;0.9945660222130812;0.6386554621848739;490.0;0.9927536231884058
bupa;82876;2048.0;3;0.6610127930164971;0.6738779419813903;107.6;0.6503784450843273;0.5941176470588235;126.0;0.6702898550724637
bupa;96728;2048.0;3;0.6594782065866377;0.670242656449553;62.0;0.5597531879884822;0.5508403361344538;70.0;0.5072463768115942
bupa;80573;2048.0;3;0.6326188740437131;0.6458173690932312;111.4;0.6666680378445085;0.6659663865546219;131.0;0.6485507246376812
bupa;39750;2048.0;3;0.6341086920481047;0.6474730888523992;260.0;0.593270259152612;0.6071428571428572;287.0;0.5434782608695652
bupa;13652;2048.0;3;0.6637998972615121;0.6767971173143588;112.6;0.6548909913615797;0.6088235294117648;140.0;0.6666666666666666
bupa;87605;2048.0;3;0.6660296604438504;0.6782430213464696;82.0;0.6286219662690251;0.5516806722689076;90.0;0.5797101449275363
bupa;1718;2048.0;3;0.6512397299853205;0.6629948914431674;106.6;0.5896626902509255;0.6672268907563026;113.0;0.5471014492753623
bupa;34488;2048.0;3;0.6739252202478677;0.6863026819923371;101.6;0.6267914438502673;0.5957983193277311;143.0;0.6413043478260869
bupa;41856;2048.0;3;0.6777103240615234;0.6894590403211093;79.8;0.6041958041958042;0.6210084033613446;80.0;0.5652173913043478
bupa;78578;2048.0;3;0.6123453307168801;0.6241060025542783;69.6;0.6105224187577128;0.6651260504201681;80.0;0.572463768115942
bupa;37134;2048.0;3;0.6689142405505181;0.6806422185732531;74.6;0.6059399424105306;0.5495798319327732;83.0;0.5579710144927537
bupa;74923;2048.0;3;0.633672524246649;0.645260901295384;68.8;0.6014561908679555;0.5949579831932773;81.0;0.5797101449275363
bupa;37837;2048.0;3;0.637864528621209;0.6483305966064586;61.6;0.5435047305635541;0.6819327731092437;80.0;0.5579710144927537
bupa;71477;2048.0;3;0.6531329021155063;0.6658091589126072;93.8;0.6476182640888523;0.580672268907563;116.0;0.6304347826086957
bupa;51869;2048.0;3;0.6830829922503571;0.6928708264915161;56.2;0.5090662278897573;0.6105042016806723;74.0;0.5362318840579711
bupa;23128;2048.0;3;0.6658789418299735;0.6786991424922458;158.6;0.6195639654463183;0.47731092436974787;194.0;0.6159420289855072
bupa;50575;2048.0;3;0.6987593904561891;0.7111795292829776;96.0;0.6322583299053888;0.638235294117647;100.0;0.6231884057971014
bupa;42750;2048.0;3;0.6560538054520108;0.6663382594417077;59.8;0.5344796380090497;0.5226890756302521;70.0;0.5072463768115942
bupa;44271;2048.0;3;0.645263864553264;0.6667259624156177;350.4;0.9900411353352532;0.6067226890756303;488.0;0.9891304347826086
bupa;68520;2048.0;3;0.6327201580229845;0.6450328407224959;114.6;0.6159934183463595;0.5663865546218487;129.0;0.6195652173913043
bupa;13150;2048.0;3;0.6690928763840839;0.6823253056011678;118.0;0.6648745372274785;0.5201680672268907;126.0;0.6485507246376812
bupa;57967;2048.0;3;0.6855895471451297;0.698170954205437;97.4;0.6403825586178528;0.5495798319327732;111.0;0.6159420289855072
bupa;47079;2048.0;3;0.6281637610934726;0.639924283889801;69.6;0.6105141916906623;0.5352941176470588;85.0;0.6014492753623188
bupa;80300;2048.0;3;0.6921765917691484;0.7043787629994526;97.2;0.6195598519127932;0.5214285714285714;111.0;0.5905797101449275
bupa;18176;2048.0;3;0.6297118490494229;0.6413473818646233;155.0;0.5561703002879475;0.5373949579831933;146.0;0.4963768115942029
bupa;89597;2048.0;3;0.676055739478109;0.687306148513045;64.6;0.5851336898395723;0.5936974789915966;75.0;0.5434782608695652
bupa;79959;2048.0;3;0.6549768378022632;0.6664796569968983;66.8;0.5978445084327437;0.5659663865546218;75.0;0.5434782608695652
bupa;85035;2048.0;3;0.657679957269868;0.6705619412515963;106.0;0.6521966269025092;0.6096638655462185;134.0;0.6376811594202898
bupa;3786;2048.0;3;0.6661237156049308;0.6778370735267286;143.2;0.5670218017276841;0.5945378151260504;193.0;0.5615942028985508
bupa;19593;2048.0;3;0.6802898321942109;0.6926427659186281;117.0;0.616881941587824;0.5798319327731092;114.0;0.5833333333333334
bupa;95531;2048.0;3;0.6258719697262558;0.6393176427659186;109.8;0.681201151789387;0.6521008403361345;116.0;0.6739130434782609
bupa;38297;2048.0;3;0.6583205074723286;0.6702882685641306;122.8;0.5923981900452489;0.5214285714285714;126.0;0.5471014492753623
bupa;74740;2048.0;3;0.6331754698113063;0.6462141944900566;111.8;0.6576264911559029;0.6378151260504201;179.0;0.6884057971014492
bupa;68043;2048.0;3;0.6476908073129081;0.6592045247217662;71.2;0.5960016454134102;0.5373949579831933;106.0;0.644927536231884
bupa;28922;2048.0;3;0.6555228825674851;0.6682676518883415;100.6;0.6476223776223776;0.6088235294117648;100.0;0.5978260869565217
bupa;17892;2048.0;3;0.680439101618218;0.7020707900018245;364.0;0.991846976552859;0.6239495798319328;463.0;0.9891304347826086
bupa;3325;2048.0;3;0.6376101920016728;0.6599616858237548;438.8;0.9900246812011518;0.6096638655462185;555.0;0.9891304347826086
bupa;70134;2048.0;3;0.6590117116480773;0.671205072067141;111.0;0.611406828465652;0.6067226890756303;126.0;0.605072463768116
bupa;32325;2048.0;3;0.6371903337432706;0.6471583652618136;57.8;0.518124228712464;0.5361344537815126;72.0;0.5217391304347826
bupa;15431;2048.0;3;0.6372645493353889;0.6476874657909141;60.6;0.5416783216783216;0.5210084033613445;72.0;0.5217391304347826
bupa;48499;2048.0;3;0.6840901121290706;0.6969804780149608;240.6;0.5778815302344714;0.42100840336134454;391.0;0.5615942028985508
bupa;35634;2048.0;3;0.6401133086445945;0.6530651340996169;91.8;0.6639407651172358;0.5953781512605042;115.0;0.6666666666666666
bupa;75916;2048.0;3;0.691514184991564;0.7046889253785806;115.6;0.6630234471410942;0.6260504201680672;133.0;0.6376811594202898
bupa;52306;2048.0;3;0.7068021989336699;0.7187100893997446;79.4;0.6132044426162073;0.5819327731092437;107.0;0.6304347826086957
bupa;57556;2048.0;3;0.6628086187476346;0.6777047983944536;407.2;0.5960468942821885;0.5802521008403361;301.0;0.5760869565217391
bupa;71476;2048.0;3;0.6516568813617715;0.6635422368180988;72.2;0.6159605100781571;0.6071428571428572;92.0;0.6014492753623188
bupa;46810;2048.0;3;0.6623480644988273;0.6745393176427659;70.0;0.63406828465652;0.523109243697479;90.0;0.6521739130434783
bupa;63495;2048.0;3;0.6592405886796927;0.6719713555920453;120.4;0.6358494446729741;0.6222689075630252;147.0;0.6413043478260869
bupa;54551;2048.0;3;0.6770453816931681;0.6884464513774858;113.8;0.5661168243521185;0.5352941176470588;132.0;0.5543478260869565
bupa;10070;2048.0;3;0.6235301364412176;0.6336206896551724;60.2;0.5235540929658576;0.5373949579831933;73.0;0.5217391304347826
bupa;59520;2048.0;3;0.6560574268359346;0.6690521802590768;92.8;0.6657548334018922;0.5512605042016807;92.0;0.6159420289855072
bupa;71675;2048.0;3;0.6574787026021702;0.6704022988505747;167.2;0.6204936240230358;0.5504201680672269;280.0;0.6195652173913043
bupa;49870;2048.0;3;0.6944295120180339;0.706663929939792;92.2;0.6241176470588236;0.5945378151260504;111.0;0.5797101449275363
bupa;98297;2048.0;3;0.6359622701618247;0.6491060025542783;203.8;0.6123118058412176;0.623109243697479;180.0;0.5978260869565217
bupa;87498;2048.0;5;0.6774286073697398;0.6893085203430032;71.6;0.6159934183463596;0.6109243697478991;78.0;0.5652173913043478
bupa;19822;2048.0;5;0.637991869221475;0.6491060025542784;214.0;0.49461127108185937;0.6378151260504201;152.0;0.44565217391304346
bupa;37448;2048.0;5;0.6878372296364403;0.6994161649334063;110.2;0.5779350061703002;0.5941176470588235;147.0;0.5615942028985508
bupa;95674;2048.0;5;0.620002579042728;0.6302271483305966;67.0;0.5271740024681201;0.665546218487395;93.0;0.5507246376811594
bupa;91937;2048.0;5;0.6385466273461247;0.6605774493705528;400.4;0.9936569313039902;0.6394957983193277;493.0;0.9927536231884058
bupa;29155;2048.0;5;0.6276081939784647;0.6381271665754424;60.4;0.5470917317976142;0.6218487394957983;78.0;0.5507246376811594
bupa;82876;2048.0;5;0.6477998017854927;0.6581280788177339;61.0;0.5362320032908269;0.6096638655462185;71.0;0.5144927536231884
bupa;96728;2048.0;5;0.6561261725188219;0.6661694946177705;63.8;0.5189469354175236;0.5365546218487395;81.0;0.532608695652174
bupa;80573;2048.0;5;0.6235023671613098;0.634263820470717;112.2;0.5316988893459481;0.5050420168067227;143.0;0.5289855072463768
bupa;39750;2048.0;5;0.6413063361294026;0.6513638022258712;60.2;0.5217276840806252;0.5945378151260504;67.0;0.47101449275362317
bupa;13652;2048.0;5;0.6125752528429133;0.6228106185002737;64.8;0.5289921842863019;0.5949579831932773;84.0;0.5289855072463768
bupa;87605;2048.0;5;0.6492223201357605;0.6599799306695859;84.0;0.5471534348004937;0.5361344537815126;85.0;0.4927536231884058
bupa;1718;2048.0;5;0.6503012112269984;0.6598111658456486;58.0;0.4927272727272728;0.5512605042016807;69.0;0.4782608695652174
bupa;34488;2048.0;5;0.6612498283784333;0.6732348111658457;106.6;0.6023488276429454;0.5521008403361345;133.0;0.5869565217391305
bupa;41856;2048.0;5;0.6689293965752426;0.6819102353585111;115.8;0.6522089675030851;0.6495798319327731;144.0;0.6485507246376812
bupa;78578;2048.0;5;0.615122366572781;0.6263729246487866;64.6;0.5851419169066228;0.6352941176470588;84.0;0.6086956521739131
bupa;37134;2048.0;5;0.6563570595980861;0.6663473818646232;60.0;0.5181324557795146;0.5638655462184874;66.0;0.4782608695652174
bupa;74923;2048.0;5;0.6274765736071848;0.6510992519613209;694.0;0.9184162895927603;0.6512605042016807;1467.0;0.8442028985507246
bupa;37837;2048.0;5;0.6314258279308106;0.6445128626163108;80.8;0.6775154257507199;0.6676470588235295;98.0;0.6739130434782609
bupa;71477;2048.0;5;0.6642692959434957;0.6738596971355593;103.4;0.47194570135746605;0.5205882352941176;211.0;0.48188405797101447
bupa;51869;2048.0;5;0.6712407526012123;0.6810983397190296;56.6;0.5126943644590704;0.623109243697479;71.0;0.5
bupa;23128;2048.0;5;0.6671210635328944;0.6780742565225324;93.8;0.5525051419169067;0.5071428571428571;83.0;0.5
bupa;50575;2048.0;5;0.6737977060314788;0.6855090311986863;84.2;0.5996873714520774;0.6084033613445379;87.0;0.572463768115942
bupa;42750;2048.0;5;0.6681480260437839;0.6775907681080093;113.2;0.4583504730563554;0.6105042016806723;114.0;0.4601449275362319
bupa;44271;2048.0;5;0.6444243275179645;0.655605728881591;64.2;0.5815466886055122;0.5798319327731092;83.0;0.6014492753623188
bupa;68520;2048.0;5;0.6139168053866219;0.6291689472723955;401.8;0.6186960098724805;0.6966386554621848;1052.0;0.605072463768116
bupa;13150;2048.0;5;0.6734633971513326;0.6853402663747492;146.4;0.5742698477992596;0.5642857142857143;152.0;0.5253623188405797
bupa;57967;2048.0;5;0.6740473560761947;0.6862753147235907;134.0;0.6005388728918141;0.5920168067226891;255.0;0.5942028985507246
bupa;47079;2048.0;5;0.6237675276213728;0.6376938514869549;252.2;0.6286219662690251;0.5928571428571429;135.0;0.6340579710144928
bupa;80300;2048.0;5;0.6922510316937736;0.7140713373471994;671.4;0.8314808720691074;0.4928571428571429;867.0;0.8731884057971014
bupa;18176;2048.0;5;0.6509950719598837;0.6617177522349936;70.8;0.5525586178527354;0.6369747899159663;79.0;0.5289855072463768
bupa;89597;2048.0;5;0.677252447404467;0.6933999270206167;647.4;0.5316742081447965;0.4647058823529412;365.0;0.5036231884057971
bupa;79959;2048.0;5;0.6334537935998603;0.6491242474001095;552.6;0.5580090497737556;0.5630252100840336;271.0;0.5797101449275363
bupa;85035;2048.0;5;0.6495530545999062;0.6607553366174056;103.8;0.5606993006993007;0.6369747899159663;102.0;0.5471014492753623
bupa;3786;2048.0;5;0.6560674050784511;0.6671045429666119;66.2;0.5724722336487043;0.5210084033613445;78.0;0.5434782608695652
bupa;19593;2048.0;5;0.6524948670076106;0.6649698960043787;88.4;0.6395104895104895;0.5949579831932773;109.0;0.6268115942028986
bupa;95531;2048.0;5;0.6431914447216722;0.6553320561941252;131.8;0.5969395310571781;0.6378151260504201;166.0;0.5797101449275363
bupa;38297;2048.0;5;0.6660643023484764;0.6774311257069877;121.8;0.5597819827231592;0.5512605042016807;127.0;0.5398550724637681
bupa;74740;2048.0;5;0.6524749679853745;0.6745119503740193;412.4;0.9873303167420815;0.5945378151260504;556.0;0.9855072463768116
bupa;68043;2048.0;5;0.6417983548120686;0.652563400839263;62.0;0.5597860962566845;0.4638655462184874;78.0;0.5652173913043478
bupa;28922;2048.0;5;0.6612371147591405;0.6734628717387338;70.2;0.63586178527355;0.6369747899159663;82.0;0.5942028985507246
bupa;17892;2048.0;5;0.6825411377132209;0.7053776683087029;488.6;0.9891320444261622;0.5357142857142857;596.0;0.9818840579710145
bupa;3325;2048.0;5;0.6502645674242595;0.6600665936872833;64.2;0.5054051830522418;0.5823529411764705;70.0;0.5
bupa;70134;2048.0;5;0.6685671692762265;0.6803685458857872;91.6;0.6005470999588647;0.5218487394957982;89.0;0.5471014492753623
bupa;32325;2048.0;5;0.6326744164743547;0.6450054734537494;70.8;0.6413410119292472;0.65;85.0;0.6159420289855072
bupa;15431;2048.0;5;0.6330427879200918;0.6461959496442254;87.4;0.6774989716166187;0.6810924369747899;90.0;0.6521739130434783
bupa;48499;2048.0;5;0.6730846622078213;0.6852444809341361;127.2;0.6005553270259154;0.55;127.0;0.5797101449275363
bupa;35634;2048.0;5;0.650531426467135;0.6631454114212735;154.4;0.6105141916906623;0.5373949579831933;213.0;0.5905797101449275
bupa;75916;2048.0;5;0.6857101941167995;0.6975095785440611;78.4;0.6077704648292884;0.5949579831932773;98.0;0.5942028985507246
bupa;52306;2048.0;5;0.6926834165277811;0.7041050903119869;68.6;0.5923652817770464;0.6105042016806723;83.0;0.5652173913043478
bupa;57556;2048.0;5;0.6375736302775725;0.6474320379492794;56.8;0.5126285479226655;0.5928571428571429;68.0;0.4927536231884058
bupa;71476;2048.0;5;0.6445549194324438;0.6563993796752416;112.2;0.5914808720691074;0.6092436974789917;120.0;0.6086956521739131
bupa;46810;2048.0;5;0.6582994736536716;0.6805008210180624;441.8;0.98006993006993;0.5798319327731092;676.0;0.9746376811594203
bupa;63495;2048.0;5;0.6559173561459919;0.6686553548622515;85.2;0.6558041958041958;0.6365546218487395;120.0;0.6485507246376812
bupa;54551;2048.0;5;0.6678894659861897;0.6784802043422733;61.0;0.5507198683669272;0.6378151260504201;82.0;0.5507246376811594
bupa;10070;2048.0;5;0.6190579113776706;0.6300583835066594;65.8;0.5706705059646235;0.5235294117647059;80.0;0.5652173913043478
bupa;59520;2048.0;5;0.6753122101765059;0.6857279693486589;59.8;0.5417276840806252;0.6088235294117648;74.0;0.5362318840579711
bupa;71675;2048.0;5;0.6560565150096854;0.6673417259624156;64.8;0.5869436445907035;0.5642857142857143;80.0;0.5797101449275363
bupa;49870;2048.0;5;0.6880389135497611;0.6987547892720307;83.2;0.5452941176470587;0.6668067226890757;93.0;0.5398550724637681
bupa;98297;2048.0;5;0.6508226687595459;0.6636653895274585;252.2;0.5688070752776635;0.6096638655462185;277.0;0.5434782608695652
bupa;87498;0.125;4;0.6940522204928238;0.7143176427659187;236.4;0.9873179761415056;0.5823529411764705;328.0;0.9818840579710145
bupa;19822;0.125;4;0.6273981189468667;0.643240284619595;106.6;0.8152653229123817;0.6819327731092437;130.0;0.7536231884057971
bupa;37448;0.125;4;0.6496000194640948;0.6660007297938333;163.8;0.8143192102015633;0.58109243697479;185.0;0.8115942028985508
bupa;95674;0.125;4;0.6429446411085004;0.6634008392629083;309.2;0.9574043603455369;0.6365546218487395;402.0;0.9384057971014492
bupa;91937;0.125;4;0.6491901737186815;0.6707717569786535;357.4;0.9927478403948993;0.5953781512605042;463.0;0.9927536231884058
bupa;29155;0.125;4;0.6298263956526369;0.6464148877941981;125.4;0.8460180995475113;0.6521008403361345;157.0;0.8369565217391305
bupa;82876;0.125;4;0.6435165548963062;0.6608693669038497;170.4;0.8632085561497327;0.6235294117647059;209.0;0.8478260869565217
bupa;96728;0.125;4;0.6469612515089409;0.6683908045977012;337.4;0.9954668860551215;0.6676470588235295;440.0;0.9927536231884058
bupa;80573;0.125;4;0.6515451982029722;0.6694581280788177;139.6;0.9112381735911148;0.5651260504201681;158.0;0.9057971014492754
bupa;39750;0.125;4;0.6584572157606596;0.6783114395183361;273.8;0.9438420403126286;0.565546218487395;310.0;0.9239130434782609
bupa;13652;0.125;4;0.6315229555527422;0.649210910417807;104.2;0.9184862196626904;0.6403361344537815;130.0;0.9057971014492754
bupa;87605;0.125;4;0.6458518361662376;0.6623928115307425;150.0;0.8297285067873303;0.611344537815126;177.0;0.8260869565217391
bupa;1718;0.125;4;0.6418917939204121;0.6558337894544792;95.6;0.7164870423693952;0.5949579831932773;103.0;0.6557971014492754
bupa;34488;0.125;4;0.6475495735846074;0.6648832329866812;134.2;0.8822624434389139;0.5088235294117647;162.0;0.8659420289855072
bupa;41856;0.125;4;0.6664850745051821;0.680605728881591;85.6;0.731904566022213;0.5915966386554622;108.0;0.7101449275362319
bupa;78578;0.125;4;0.6329029450663854;0.6464878671775224;84.6;0.7028877005347594;0.5928571428571429;99.0;0.7028985507246377
bupa;37134;0.125;4;0.6525148454490769;0.6659596788907134;87.0;0.693821472645002;0.5491596638655463;88.0;0.6086956521739131
bupa;74923;0.125;4;0.6411393893413911;0.6604725415070242;178.0;0.9683011106540519;0.6390756302521008;221.0;0.9637681159420289
bupa;37837;0.125;4;0.6315256793374352;0.6490786352855318;112.0;0.9067009461127109;0.6550420168067227;139.0;0.894927536231884
bupa;71477;0.125;4;0.6490223085701082;0.6662835249042146;114.0;0.8894858083093377;0.5953781512605042;134.0;0.8695652173913043
bupa;51869;0.125;4;0.644903675209368;0.6595557380040139;86.2;0.7609049773755656;0.6378151260504201;98.0;0.7101449275362319
bupa;23128;0.125;4;0.6587215927231581;0.6749178981937602;93.0;0.8423693953105719;0.5945378151260504;112.0;0.8115942028985508
bupa;50575;0.125;4;0.7026010533449462;0.7253147235905857;476.4;0.9891279308926368;0.6096638655462185;859.0;0.9891304347826086
bupa;42750;0.125;4;0.6720951763268106;0.6898558657179348;140.8;0.9021678321678321;0.6260504201680672;193.0;0.8804347826086957
bupa;44271;0.125;4;0.6625892434105239;0.6811895639481846;106.8;0.9674043603455369;0.5516806722689076;131.0;0.9492753623188406
bupa;68520;0.125;4;0.6242596699909955;0.6361795292829775;72.4;0.6177540106951872;0.55;83.0;0.5797101449275363
bupa;13150;0.125;4;0.6601745485392633;0.676715015508119;153.2;0.8279226655697244;0.58109243697479;210.0;0.8260869565217391
bupa;57967;0.125;4;0.6858342782757414;0.7067962050720672;317.0;0.9809872480460715;0.6071428571428572;401.0;0.9637681159420289
bupa;47079;0.125;4;0.6459674933089695;0.6626756066411238;129.2;0.850510078157137;0.6386554621848739;163.0;0.8405797101449275
bupa;80300;0.125;4;0.6817800876100771;0.6997673782156542;209.0;0.8767873303167419;0.49369747899159666;259.0;0.8659420289855072
bupa;18176;0.125;4;0.6493146802789408;0.6677567962050721;107.4;0.9583381324557795;0.49411764705882355;134.0;0.9492753623188406
bupa;89597;0.125;4;0.6669016360273304;0.6866447728516694;189.4;0.9845989304812834;0.5966386554621849;246.0;0.9782608695652174
bupa;79959;0.125;4;0.6473509520940952;0.6644590403211093;98.8;0.8894775812422872;0.5516806722689076;125.0;0.8768115942028986
bupa;85035;0.125;4;0.6399571946297847;0.6570333880678707;98.8;0.8877169888934595;0.5084033613445378;120.0;0.8623188405797102
bupa;3786;0.125;4;0.655476281271325;0.6705528188286809;105.6;0.773558206499383;0.5235294117647059;127.0;0.75
bupa;19593;0.125;4;0.6812982477676233;0.7034710819193577;484.6;0.954718222953517;0.5504201680672269;548.0;0.927536231884058
bupa;95531;0.125;4;0.6496611749796553;0.6707991242474;318.2;0.9900370218017278;0.7239495798319329;387.0;0.9891304347826086
bupa;38297;0.125;4;0.6353414311874053;0.6512224046706805;102.4;0.8197408473879062;0.49117647058823527;129.0;0.8079710144927537
bupa;74740;0.125;4;0.6527435362079069;0.6746442255062944;395.6;0.9891402714932127;0.6823529411764706;578.0;0.9855072463768116
bupa;68043;0.125;4;0.6276696991776584;0.6438332421091041;117.4;0.827005347593583;0.5789915966386554;137.0;0.7934782608695652
bupa;28922;0.125;4;0.6443989304750836;0.6608784893267652;147.2;0.8278938708350474;0.6672268907563026;174.0;0.8188405797101449
bupa;17892;0.125;4;0.6843751494673093;0.7060390439700784;367.2;0.991846976552859;0.5953781512605042;457.0;0.9891304347826086
bupa;3325;0.125;4;0.6563625764956349;0.6754287538770297;167.8;0.9592307692307692;0.6096638655462185;216.0;0.9456521739130435
bupa;70134;0.125;4;0.660065707516982;0.6763911694946179;96.0;0.8478321678321679;0.5957983193277311;114.0;0.8260869565217391
bupa;32325;0.125;4;0.6325581998524938;0.6488505747126436;96.0;0.8460057589469354;0.6529411764705882;109.0;0.7536231884057971
bupa;15431;0.125;4;0.6339710741972846;0.6484811165845649;108.0;0.7409543397778692;0.5638655462184874;124.0;0.6956521739130435
bupa;48499;0.125;4;0.69047222667306;0.7087620872103629;195.0;0.9012669683257919;0.5676470588235294;267.0;0.8804347826086957
bupa;35634;0.125;4;0.6402599598240748;0.6567870826491516;134.0;0.8378527354997944;0.6537815126050419;152.0;0.8297101449275363
bupa;75916;0.125;4;0.6531884748846122;0.6742200328407225;306.0;0.9909419991772934;0.6100840336134454;397.0;0.9891304347826086
bupa;52306;0.125;4;0.6743471398127894;0.6886653895274585;95.6;0.7372562731386261;0.5794117647058823;131.0;0.7065217391304348
bupa;57556;0.125;4;0.6457563904935807;0.6692574347746761;672.0;0.9239243109831345;0.665546218487395;870.0;0.8913043478260869
bupa;71476;0.125;4;0.6378918969830867;0.6594508301404853;358.4;0.9909419991772934;0.6810924369747899;427.0;0.9891304347826086
bupa;46810;0.125;4;0.6502336076783779;0.6655354862251414;139.4;0.7672192513368984;0.55;149.0;0.7355072463768116
bupa;63495;0.125;4;0.64661490113007;0.6634510125889437;104.4;0.8713533525298232;0.6256302521008403;122.0;0.8623188405797102
bupa;54551;0.125;4;0.6838824193032016;0.7077038861521621;614.2;0.9737227478403948;0.6235294117647059;467.0;0.9637681159420289
bupa;10070;0.125;4;0.613452249617586;0.6351897463966429;379.4;0.9891320444261622;0.7697478991596638;488.0;0.9855072463768116
bupa;59520;0.125;4;0.6698919244141486;0.6891671227878124;201.6;0.9519909502262444;0.6668067226890757;255.0;0.9384057971014492
bupa;71675;0.125;4;0.6449297195122443;0.6626756066411238;165.4;0.8876840806252572;0.611344537815126;206.0;0.8804347826086957
bupa;49870;0.125;4;0.6659846963479338;0.6823070607553365;121.8;0.8333278486219664;0.6096638655462185;138.0;0.8115942028985508
bupa;98297;0.125;4;0.6280222381708405;0.6470853858784894;174.0;0.9556190867955575;0.6836134453781513;242.0;0.9528985507246377
bupa;87498;0.125;3;0.6880915922463899;0.7073070607553367;246.2;0.923916083916084;0.6121848739495799;310.0;0.8985507246376812
bupa;19822;0.125;3;0.6343770788068125;0.6538679073161832;157.8;0.9882270670505966;0.6974789915966386;202.0;0.9891304347826086
bupa;37448;0.125;3;0.655019944321911;0.6766283524904215;356.8;0.9945619086795559;0.6378151260504201;459.0;0.9927536231884058
bupa;95674;0.125;3;0.6521494567581082;0.6717159277504104;158.8;0.991846976552859;0.6815126050420168;210.0;0.9891304347826086
bupa;91937;0.125;3;0.6331229940128432;0.6511494252873563;123.2;0.9266145619086796;0.6394957983193277;154.0;0.9094202898550725
bupa;29155;0.125;3;0.638143021734939;0.6579501915708812;176.2;0.9954668860551215;0.6390756302521008;215.0;0.9927536231884058
bupa;82876;0.125;3;0.6473408746254676;0.6643176427659186;185.2;0.8342287124640066;0.5802521008403361;191.0;0.822463768115942
bupa;96728;0.125;3;0.6488463051713779;0.6649425287356321;92.8;0.8369559851912793;0.6529411764705882;113.0;0.8188405797101449
bupa;80573;0.125;3;0.6389639362354108;0.658205619412516;260.2;0.9175853558206499;0.6823529411764706;314.0;0.927536231884058
bupa;39750;0.125;3;0.6337771786669396;0.6554278416347381;501.2;0.9166721513780336;0.5352941176470588;487.0;0.8731884057971014
bupa;13652;0.125;3;0.6306312401281093;0.6479155263638022;124.4;0.8849814890991361;0.6243697478991597;160.0;0.8804347826086957
bupa;87605;0.125;3;0.6459962795881968;0.6619184455391351;116.2;0.8143480049362403;0.6256302521008403;120.0;0.7463768115942029
bupa;1718;0.125;3;0.6297601288890203;0.6500045612114578;260.4;0.9728259975318799;0.6533613445378151;343.0;0.967391304347826
bupa;34488;0.125;3;0.6519348240758858;0.6684455391351942;94.8;0.8587248046071576;0.5525210084033614;117.0;0.8478260869565217
bupa;41856;0.125;3;0.6573356126354627;0.673093413610655;104.8;0.8116083916083916;0.6222689075630252;128.0;0.7934782608695652
bupa;78578;0.125;3;0.6485979735364602;0.6613118044152527;79.6;0.6575812422871247;0.5773109243697478;98.0;0.6739130434782609
bupa;37134;0.125;3;0.6233527010245637;0.6376345557380041;88.6;0.7391361579596875;0.6071428571428572;108.0;0.6956521739130435
bupa;74923;0.125;3;0.6442319405736594;0.6661877394636015;657.0;0.8469600987248047;0.6823529411764706;1627.0;0.8478260869565217
bupa;37837;0.125;3;0.6381450897389251;0.6559660645867542;104.4;0.9257178116001648;0.7403361344537815;127.0;0.9130434782608695
bupa;71477;0.125;3;0.6616696519054531;0.6763911694946177;86.6;0.7645166598107774;0.5802521008403361;106.0;0.7681159420289855
bupa;51869;0.125;3;0.6598348233214624;0.6815134099616859;442.0;0.95110242698478;0.580672268907563;379.0;0.9094202898550725
bupa;23128;0.125;3;0.6703959284094216;0.6865398649881408;97.6;0.836923076923077;0.5798319327731092;104.0;0.7463768115942029
bupa;50575;0.125;3;0.6992040675278836;0.7187009669768291;256.2;0.9338955162484576;0.6235294117647059;321.0;0.9311594202898551
bupa;42750;0.125;3;0.6664544803218847;0.6779693486590037;97.2;0.5816207322089675;0.5361344537815126;85.0;0.48188405797101447
bupa;44271;0.125;3;0.664364631630043;0.686672140120416;434.4;0.9900411353352532;0.6953781512605042;690.0;0.9891304347826086
bupa;68520;0.125;3;0.62058917526849;0.6392036124794745;150.6;0.9438502673796793;0.711344537815126;171.0;0.927536231884058
bupa;13150;0.125;3;0.6625032467091952;0.6788679073161832;204.2;0.7898848210612917;0.58109243697479;279.0;0.7934782608695652
bupa;57967;0.125;3;0.7010865605513501;0.7195995256340083;228.6;0.8949156725627313;0.5798319327731092;264.0;0.8768115942028986
bupa;47079;0.125;3;0.6307478277088692;0.6473316912972085;105.4;0.8568737145207734;0.6525210084033614;120.0;0.8333333333333334
bupa;80300;0.125;3;0.6772324306871004;0.6930213464696223;132.4;0.7979925956396544;0.47983193277310926;149.0;0.782608695652174
bupa;18176;0.125;3;0.6461619937119318;0.6643176427659185;105.0;0.9438584944467298;0.5063025210084033;117.0;0.8478260869565217
bupa;89597;0.125;3;0.6620264437614954;0.6832603539500092;331.0;0.9882229535170712;0.5071428571428571;496.0;0.9855072463768116
bupa;79959;0.125;3;0.6615363972992511;0.6791324575807334;101.6;0.9148580830933772;0.5516806722689076;125.0;0.8840579710144928
bupa;85035;0.125;3;0.6448527253565175;0.6611339171683999;94.8;0.8460551213492389;0.5798319327731092;116.0;0.8043478260869565
bupa;3786;0.125;3;0.6658560211203742;0.6812671045429666;93.2;0.7989140271493212;0.6100840336134454;116.0;0.7753623188405797
bupa;19593;0.125;3;0.6907408743841631;0.7144499178981938;603.0;0.9737392019744961;0.6214285714285714;841.0;0.9565217391304348
bupa;95531;0.125;3;0.6335011113291825;0.6532065316548075;205.2;0.9737392019744961;0.7243697478991598;271.0;0.967391304347826
bupa;38297;0.125;3;0.6530280664190181;0.6687009669768291;117.6;0.7998107774578361;0.476890756302521;140.0;0.782608695652174
bupa;74740;0.125;3;0.6464816209658126;0.6640622149242839;127.8;0.8994487865076101;0.6239495798319328;158.0;0.8876811594202898
bupa;68043;0.125;3;0.6402031543580621;0.6561257069877758;101.6;0.8224804607157548;0.6226890756302521;127.0;0.7934782608695652
bupa;28922;0.125;3;0.6342651501911576;0.6526865535486224;162.4;0.9266392431098314;0.6226890756302521;189.0;0.9021739130434783
bupa;17892;0.125;3;0.6663396558431394;0.6854999087757708;247.2;0.9203126285479227;0.6542016806722688;295.0;0.9130434782608695
bupa;3325;0.125;3;0.662179426478086;0.679661558109834;158.8;0.8767914438502673;0.6247899159663866;193.0;0.8695652173913043
bupa;70134;0.125;3;0.6678027612867545;0.6839399744572158;93.6;0.8387741670094611;0.5802521008403361;114.0;0.8188405797101449
bupa;32325;0.125;3;0.6316872890642623;0.648284984491881;152.4;0.8315261209378857;0.6260504201680672;203.0;0.8152173913043478
bupa;15431;0.125;3;0.6237446248138329;0.6411238825031929;150.2;0.8758905800082271;0.6827731092436975;219.0;0.8731884057971014
bupa;48499;0.125;3;0.6618201709495034;0.6819193577814268;205.2;0.995475113122172;0.6092436974789917;263.0;0.9927536231884058
bupa;35634;0.125;3;0.6293584752141502;0.6460727969348659;98.8;0.8677416700946112;0.6521008403361345;115.0;0.8260869565217391
bupa;75916;0.125;3;0.6476167633668296;0.6669631454114213;151.6;0.9836980666392432;0.6109243697478991;193.0;0.9746376811594203
bupa;52306;0.125;3;0.682258088698692;0.6963282247765007;87.2;0.7282270670505965;0.5226890756302521;108.0;0.6884057971014492
bupa;57556;0.125;3;0.6496125454972134;0.6705619412515963;296.2;0.9918510900863844;0.6642857142857144;391.0;0.9891304347826086
bupa;71476;0.125;3;0.6291423951326721;0.6515234446268929;467.8;0.975545043192102;0.5941176470588235;680.0;0.967391304347826
bupa;46810;0.125;3;0.6516349805474729;0.6652983032293378;85.8;0.7065487453722747;0.5491596638655463;108.0;0.6956521739130435
bupa;63495;0.125;3;0.6607718431932428;0.6834428024083197;473.8;0.9882147264500206;0.6810924369747899;638.0;0.9891304347826086
bupa;54551;0.125;3;0.6628046394693584;0.6783661740558291;109.8;0.7979967091731798;0.5794117647058823;136.0;0.7753623188405797
bupa;10070;0.125;3;0.6121587653640744;0.62569330414158;100.8;0.6911065405183052;0.5205882352941176;129.0;0.6557971014492754
bupa;59520;0.125;3;0.649437135627827;0.6666529830322934;189.4;0.8450925545043193;0.611344537815126;234.0;0.8478260869565217
bupa;71675;0.125;3;0.6445644054233877;0.6583835066593687;93.2;0.7110366104483752;0.5508403361344538;111.0;0.6739130434782609
bupa;49870;0.125;3;0.6756471707993007;0.6939381499726328;177.2;0.9112176059234883;0.6239495798319328;223.0;0.9021739130434783
bupa;98297;0.125;3;0.6467506092524834;0.6651021711366539;212.6;0.8948951048951048;0.6100840336134454;227.0;0.8478260869565217
bupa;87498;0.125;5;0.6906026849685902;0.7108876117496807;285.6;0.961061291649527;0.5974789915966386;387.0;0.9492753623188406
bupa;19822;0.125;5;0.6340375153316109;0.6466383871556285;83.0;0.6494570135746606;0.5201680672268907;93.0;0.6159420289855072
bupa;37448;0.125;5;0.6599035665325681;0.6754105090311986;117.4;0.79076100370218;0.5659663865546218;133.0;0.7427536231884058
bupa;95674;0.125;5;0.660396462151026;0.6725734355044699;76.8;0.6295022624434389;0.6495798319327731;87.0;0.5760869565217391
bupa;91937;0.125;5;0.6486421420451097;0.6681080094873199;158.6;0.9864047716988893;0.6100840336134454;206.0;0.9746376811594203
bupa;29155;0.125;5;0.6408508604530079;0.6576856413063309;233.0;0.799835458658988;0.623109243697479;208.0;0.7934782608695652
bupa;82876;0.125;5;0.6533303649116331;0.6717250501733261;278.8;0.860497737556561;0.5949579831932773;217.0;0.8369565217391305
bupa;96728;0.125;5;0.6555691631031167;0.6668308702791462;75.6;0.5796462361168244;0.5928571428571429;86.0;0.5507246376811594
bupa;80573;0.125;5;0.6135235064630294;0.6310800948731984;125.4;0.8994570135746607;0.6836134453781513;142.0;0.8913043478260869
bupa;39750;0.125;5;0.6365580643507488;0.6560983397190293;221.4;0.9556232003290827;0.6369747899159663;269.0;0.9456521739130435
bupa;13652;0.125;5;0.6321994478249439;0.6503056011676701;137.6;0.9230152200740436;0.638235294117647;168.0;0.9166666666666666
bupa;87605;0.125;5;0.6550662751456472;0.6692665571975916;95.2;0.7309666803784451;0.5647058823529412;102.0;0.6847826086956522
bupa;1718;0.125;5;0.6565840566401684;0.6701195037401935;86.2;0.6992677910324969;0.5365546218487395;95.0;0.644927536231884
bupa;34488;0.125;5;0.6649076705909318;0.6859058565955117;309.2;0.987322089675031;0.58109243697479;383.0;0.9782608695652174
bupa;41856;0.125;5;0.644630211493471;0.6602718482028826;90.0;0.8134183463595228;0.5331932773109244;114.0;0.8115942028985508
bupa;78578;0.125;5;0.617034035894826;0.6316548075168764;106.0;0.7481777046482929;0.5487394957983194;126.0;0.7681159420289855
bupa;37134;0.125;5;0.6418454678485325;0.6595922276956759;268.2;0.8306211435623201;0.6084033613445379;371.0;0.7971014492753623
bupa;74923;0.125;5;0.652522422511068;0.669166210545521;179.8;0.8188482106129165;0.6542016806722688;202.0;0.8188405797101449
bupa;37837;0.125;5;0.6327362694482811;0.651195037401934;115.6;0.9547017688194159;0.696218487394958;147.0;0.9456521739130435
bupa;71477;0.125;5;0.6601654476485811;0.6725460682357234;72.6;0.643076923076923;0.565546218487395;85.0;0.5869565217391305
bupa;51869;0.125;5;0.6424741873674761;0.6641853676336436;376.8;0.9891238173591115;0.5831932773109243;471.0;0.9855072463768116
bupa;23128;0.125;5;0.6822746840220824;0.700287356321839;183.8;0.8921883998354586;0.5512605042016807;240.0;0.8405797101449275
bupa;50575;0.125;5;0.6745542616408654;0.6905263638022259;100.0;0.8261044837515426;0.5651260504201681;112.0;0.7971014492753623
bupa;42750;0.125;5;0.6727468684301298;0.6927841634738187;249.6;0.9673920197449609;0.6105042016806723;295.0;0.9456521739130435
bupa;44271;0.125;5;0.6567861967725271;0.6754561211457764;107.2;0.9710242698477993;0.5516806722689076;132.0;0.9565217391304348
bupa;68520;0.125;5;0.6203487926945682;0.6377668308702791;121.4;0.8940312628547922;0.6088235294117648;145.0;0.8659420289855072
bupa;13150;0.125;5;0.6521928629302515;0.6701468710089399;107.8;0.9311723570547101;0.5684873949579832;134.0;0.9202898550724637
bupa;57967;0.125;5;0.6642421504171879;0.683743842364532;207.8;0.9610489510489512;0.6088235294117648;267.0;0.9528985507246377
bupa;47079;0.125;5;0.6479782057162118;0.6685048348841452;275.4;0.98006993006993;0.7390756302521009;292.0;0.9710144927536232
bupa;80300;0.125;5;0.6758246503409217;0.6917168399927021;129.6;0.8052488687782805;0.47815126050420165;156.0;0.7717391304347826
bupa;18176;0.125;5;0.648005133166964;0.6655081189563947;138.0;0.8894981489099136;0.5521008403361345;167.0;0.8804347826086957
bupa;89597;0.125;5;0.6667025883666461;0.6829410691479657;128.2;0.8251419169066228;0.5668067226890756;146.0;0.8115942028985508
bupa;79959;0.125;5;0.6929431781117334;0.7070698777595329;87.8;0.7310160427807487;0.5647058823529412;101.0;0.7028985507246377
bupa;85035;0.125;5;0.6375734084576355;0.6545201605546433;99.0;0.8804607157548334;0.5508403361344538;114.0;0.8188405797101449
bupa;3786;0.125;5;0.6627453921240851;0.6784802043422733;96.0;0.8152283011106543;0.5651260504201681;119.0;0.7971014492753623
bupa;19593;0.125;5;0.6691350943962506;0.6858967341725963;206.2;0.8106869600987248;0.5957983193277311;239.0;0.8043478260869565
bupa;95531;0.125;5;0.6094446219273143;0.6278005838350665;105.4;0.9546935417523652;0.7105042016806723;130.0;0.9420289855072463
bupa;38297;0.125;5;0.6415871921967037;0.6583743842364532;114.2;0.8632085561497327;0.4764705882352941;150.0;0.8514492753623188
bupa;74740;0.125;5;0.644503888891842;0.6615216201423098;143.6;0.8596009872480461;0.6676470588235295;154.0;0.8405797101449275
bupa;68043;0.125;5;0.6211275514750247;0.6370872103630724;100.4;0.8251953928424516;0.6218487394957983;126.0;0.7971014492753623
bupa;28922;0.125;5;0.6583309908841262;0.673576902025178;120.8;0.7744631838749486;0.6084033613445379;140.0;0.75
bupa;17892;0.125;5;0.676246426130565;0.6987456668491151;450.2;0.991846976552859;0.6100840336134454;680.0;0.9927536231884058
bupa;3325;0.125;5;0.6623871279837414;0.6788679073161832;118.0;0.8441834635952283;0.5802521008403361;136.0;0.8297101449275363
bupa;70134;0.125;5;0.6638784917487847;0.6798485677796023;96.6;0.8278815302344714;0.5794117647058823;102.0;0.7391304347826086
bupa;32325;0.125;5;0.6351907432709311;0.6513181901112935;92.6;0.8387906211435624;0.5823529411764705;113.0;0.8188405797101449
bupa;15431;0.125;5;0.6254342828887541;0.6400155081189564;111.8;0.742772521596051;0.6218487394957983;124.0;0.717391304347826
bupa;48499;0.125;5;0.6725205457805334;0.6956942163838715;580.8;0.9565199506375978;0.6075630252100841;656.0;0.9202898550724637
bupa;35634;0.125;5;0.6330534837460052;0.6497673782156542;121.6;0.8550514191690664;0.7273109243697479;147.0;0.8405797101449275
bupa;75916;0.125;5;0.6511044925863252;0.6685230797299763;128.0;0.8903948992184286;0.6109243697478991;164.0;0.8695652173913043
bupa;52306;0.125;5;0.6811672916325002;0.6968299580368547;147.6;0.7825791855203621;0.5214285714285714;214.0;0.7572463768115942
bupa;57556;0.125;5;0.6393699457436339;0.655605728881591;106.6;0.836993006993007;0.5773109243697478;131.0;0.8188405797101449
bupa;71476;0.125;5;0.6546576941895091;0.6756750592957489;369.8;0.9547141094199919;0.6386554621848739;538.0;0.9384057971014492
bupa;46810;0.125;5;0.642533949067594;0.6587894544791096;118.4;0.8315261209378857;0.5218487394957982;141.0;0.8079710144927537
bupa;63495;0.125;5;0.6420782650844825;0.6601441342820653;109.2;0.9365693130399013;0.6260504201680672;130.0;0.9166666666666666
bupa;54551;0.125;5;0.6696915273281134;0.6853767560664112;107.4;0.8061579596873714;0.6088235294117648;130.0;0.7862318840579711
bupa;10070;0.125;5;0.6156911999867728;0.6286124794745485;111.6;0.6512546277252159;0.5781512605042016;126.0;0.6086956521739131
bupa;59520;0.125;5;0.652443513059308;0.6743705528188286;406.4;0.9845948169477582;0.6533613445378151;512.0;0.9818840579710145
bupa;71675;0.125;5;0.6414633727467751;0.6588487502280606;152.4;0.8750061703002879;0.5970588235294118;181.0;0.8695652173913043
bupa;49870;0.125;5;0.6772450584874519;0.6932858967341725;124.8;0.8161209378856438;0.580672268907563;128.0;0.7971014492753623
bupa;98297;0.125;5;0.6264033366095939;0.6469622331691298;257.4;0.9918510900863844;0.684453781512605;323.0;0.9855072463768116
bupa;87498;0.5;4;0.6744480341683579;0.6968299580368547;463.0;0.9782599753187988;0.5680672268907563;644.0;0.967391304347826
bupa;19822;0.5;4;0.6378440823727004;0.6603311439518336;460.4;0.9855080213903744;0.7403361344537815;630.0;0.9855072463768116
bupa;37448;0.5;4;0.6753537923249757;0.6907635467980294;132.2;0.7771740024681201;0.6109243697478991;181.0;0.7282608695652174
bupa;95674;0.5;4;0.6499845520073274;0.6622286079182631;80.2;0.6313163307280955;0.6638655462184874;100.0;0.5869565217391305
bupa;91937;0.5;4;0.6433456224425447;0.6599251961320928;95.2;0.8623035787741671;0.6247899159663866;116.0;0.8405797101449275
bupa;29155;0.5;4;0.6496816745876407;0.6714513774858603;382.6;0.9891320444261622;0.6676470588235295;500.0;0.9855072463768116
bupa;82876;0.5;4;0.6560284824402031;0.6726418536763364;176.8;0.8188358700123406;0.58109243697479;233.0;0.8188405797101449
bupa;96728;0.5;4;0.6536564270850803;0.6690430578361612;90.8;0.7988975730152201;0.6088235294117648;105.0;0.7391304347826086
bupa;80573;0.5;4;0.6311709199830949;0.6473408137201242;103.4;0.8351336898395723;0.6390756302521008;134.0;0.8405797101449275
bupa;39750;0.5;4;0.6382265858975664;0.6544927932858966;93.4;0.8460057589469354;0.5953781512605042;103.0;0.7463768115942029
bupa;13652;0.5;4;0.6439646951212125;0.6607827038861521;105.8;0.8695763060468943;0.6819327731092437;127.0;0.8586956521739131
bupa;87605;0.5;4;0.6557168450317097;0.6717432950191571;105.4;0.8261044837515424;0.6252100840336134;146.0;0.8079710144927537
bupa;1718;0.5;4;0.6406177373171817;0.652139208173691;72.0;0.5959851912793088;0.5949579831932773;80.0;0.5652173913043478
bupa;34488;0.5;4;0.6637358566632533;0.6788861521620143;137.4;0.7599629781982723;0.5802521008403361;129.0;0.7210144927536232
bupa;41856;0.5;4;0.6627980556841127;0.6778461959496442;86.4;0.7826573426573427;0.6512605042016807;105.0;0.7608695652173914
bupa;78578;0.5;4;0.6138451694001126;0.6255519065863894;74.0;0.6051007815713698;0.5495798319327732;97.0;0.5797101449275363
bupa;37134;0.5;4;0.6464457670685071;0.659204524721766;77.4;0.661283422459893;0.5642857142857143;80.0;0.572463768115942
bupa;74923;0.5;4;0.6459833697314956;0.6621465061120233;109.2;0.8315384615384614;0.6394957983193277;136.0;0.8297101449275363
bupa;37837;0.5;4;0.6280081825496985;0.6439381499726327;92.6;0.827889757301522;0.7117647058823529;115.0;0.8188405797101449
bupa;71477;0.5;4;0.6663216272700133;0.6811257069877759;85.0;0.7699629781982723;0.5941176470588235;104.0;0.7536231884057971
bupa;51869;0.5;4;0.6580388429163674;0.6733305966064587;87.8;0.7953270259152612;0.6386554621848739;107.0;0.7608695652173914
bupa;23128;0.5;4;0.6752437586437497;0.690348476555373;126.4;0.7635582064993829;0.5798319327731092;139.0;0.6884057971014492
bupa;50575;0.5;4;0.6917765205319222;0.7075898558657179;90.8;0.8224516659810778;0.6680672268907563;109.0;0.7898550724637681
bupa;42750;0.5;4;0.6743995229439272;0.6898649881408503;88.8;0.8043603455368162;0.6252100840336134;108.0;0.782608695652174
bupa;44271;0.5;4;0.6561528493488984;0.6742656449553002;104.0;0.9420485396955985;0.5789915966386554;127.0;0.9202898550724637
bupa;68520;0.5;4;0.6286542594430194;0.6418582375478927;85.8;0.6811929247223365;0.6369747899159663;105.0;0.6702898550724637
bupa;13150;0.5;4;0.6593414902996877;0.6742656449553002;90.4;0.7735911147675854;0.5651260504201681;112.0;0.7608695652173914
bupa;57967;0.5;4;0.6752100168998706;0.6908958219303047;102.6;0.8088564376799672;0.623109243697479;122.0;0.8043478260869565
bupa;47079;0.5;4;0.6459071832935268;0.6617588031381134;158.2;0.7871205265322911;0.6394957983193277;165.0;0.7572463768115942
bupa;80300;0.5;4;0.6955924538905842;0.7104907863528553;135.2;0.7472768408062526;0.5222689075630252;135.0;0.7065217391304348
bupa;18176;0.5;4;0.6431360359222164;0.6617770479839445;107.6;0.9692060880296175;0.4638655462184874;135.0;0.9492753623188406
bupa;89597;0.5;4;0.6744738844853493;0.6898376208721035;122.8;0.7798560263266145;0.6252100840336134;156.0;0.7681159420289855
bupa;79959;0.5;4;0.6668236106615814;0.6826765188834154;91.4;0.824302756067462;0.5067226890756302;105.0;0.7608695652173914
bupa;85035;0.5;4;0.6451175286808941;0.6618044152526912;96.0;0.8677828054298642;0.6092436974789917;118.0;0.855072463768116
bupa;3786;0.5;4;0.6671518932981584;0.683743842364532;96.4;0.8623200329082682;0.5966386554621849;120.0;0.855072463768116
bupa;19593;0.5;4;0.6713024794531101;0.6937876299945266;448.8;0.991846976552859;0.6386554621848739;758.0;0.9891304347826086
bupa;95531;0.5;4;0.632424118941228;0.6493523079729976;97.2;0.8804360345536816;0.7109243697478991;117.0;0.8478260869565217
bupa;38297;0.5;4;0.6585287101132854;0.6739828498449187;125.2;0.7835129576306047;0.5210084033613445;148.0;0.7898550724637681
bupa;74740;0.5;4;0.65446990217649;0.6719896004378763;178.8;0.8677540106951872;0.6386554621848739;300.0;0.8514492753623188
bupa;68043;0.5;4;0.6371628166054482;0.6526865535486225;106.0;0.7980213903743314;0.6386554621848739;137.0;0.7789855072463768
bupa;28922;0.5;4;0.658463400153364;0.6746351030833789;126.4;0.822455779514603;0.6239495798319328;145.0;0.8043478260869565
bupa;17892;0.5;4;0.6825413680008441;0.6958264915161466;120.0;0.6666721513780336;0.638235294117647;148.0;0.6702898550724637
bupa;3325;0.5;4;0.6655414080624636;0.6834884145228972;162.6;0.9003414232825998;0.6247899159663866;209.0;0.8913043478260869
bupa;70134;0.5;4;0.6800836442100001;0.695165115854771;109.4;0.7717194570135746;0.5949579831932773;95.0;0.677536231884058
bupa;32325;0.5;4;0.6349943819429664;0.6513273125342091;100.0;0.8460222130810365;0.611764705882353;120.0;0.8297101449275363
bupa;15431;0.5;4;0.6367342981594678;0.6508711913884326;84.0;0.7336898395721925;0.607983193277311;100.0;0.717391304347826
bupa;48499;0.5;4;0.6609354818201498;0.6803503010399563;212.2;0.9538091320444263;0.5794117647058823;297.0;0.9311594202898551
bupa;35634;0.5;4;0.659669220329993;0.6747856230614853;86.8;0.7862032085561497;0.7243697478991598;107.0;0.7753623188405797
bupa;75916;0.5;4;0.6677190645044951;0.6834610472541506;100.0;0.8134018922254216;0.5966386554621849;119.0;0.7862318840579711
bupa;52306;0.5;4;0.6878430557350657;0.7002964787447546;89.6;0.6376511723570546;0.5365546218487395;103.0;0.6014492753623188
bupa;57556;0.5;4;0.6510096887039298;0.6732165663200146;445.6;0.9782640888523242;0.65;641.0;0.9710144927536232
bupa;71476;0.5;4;0.6393647057671663;0.6554734537493159;94.0;0.8369806663924312;0.5529411764705883;121.0;0.8405797101449275
bupa;46810;0.5;4;0.6508631378314552;0.6664522897281518;138.6;0.7835211846976552;0.5516806722689076;201.0;0.7753623188405797
bupa;63495;0.5;4;0.6629944338210059;0.679643313264003;95.6;0.8659070341423283;0.6239495798319328;116.0;0.8405797101449275
bupa;54551;0.5;4;0.6744687554331261;0.6901204159824849;99.2;0.8088605512134922;0.6239495798319328;122.0;0.7971014492753623
bupa;10070;0.5;4;0.6093911683068575;0.6231025360335705;80.8;0.7119786096256685;0.6071428571428572;99.0;0.6956521739130435
bupa;59520;0.5;4;0.6571271845647892;0.6736726874657909;145.6;0.8324228712464008;0.5680672268907563;200.0;0.8188405797101449
bupa;71675;0.5;4;0.6485510922233737;0.6619549352307973;122.0;0.6721143562320032;0.5373949579831933;157.0;0.6376811594202898
bupa;49870;0.5;4;0.6812595890878809;0.6962141944900566;119.6;0.7590497737556561;0.5516806722689076;132.0;0.7427536231884058
bupa;98297;0.5;4;0.6323587818365796;0.6475278233898922;147.4;0.7554422048539695;0.607983193277311;156.0;0.7028985507246377
bupa;87498;0.5;3;0.6682492145780354;0.6815225323846014;76.4;0.6902426984779925;0.611344537815126;83.0;0.6014492753623188
bupa;19822;0.5;3;0.6413976122374129;0.6556057288815909;115.6;0.7200658165364048;0.5945378151260504;125.0;0.6485507246376812
bupa;37448;0.5;3;0.6677852040815045;0.6831964969896005;125.8;0.780814479638009;0.5957983193277311;169.0;0.7246376811594203
bupa;95674;0.5;3;0.6487008037862391;0.6704296661193213;381.8;0.987322089675031;0.665546218487395;509.0;0.9818840579710145
bupa;91937;0.5;3;0.6519006945397059;0.6675880313811348;94.6;0.8133854380913202;0.6537815126050419;115.0;0.8115942028985508
bupa;29155;0.5;3;0.6369513350609568;0.6526956759715381;111.6;0.8070876182640887;0.6109243697478991;139.0;0.8007246376811594
bupa;82876;0.5;3;0.6566117210284466;0.6731618317825215;196.6;0.8043438914027149;0.5668067226890756;223.0;0.8043478260869565
bupa;96728;0.5;3;0.653970991217221;0.6676245210727969;78.4;0.7101192924722337;0.6537815126050419;112.0;0.7536231884057971
bupa;80573;0.5;3;0.6090809024106714;0.623690932311622;85.4;0.7590292060880296;0.6222689075630252;100.0;0.7028985507246377
bupa;39750;0.5;3;0.6304052119957403;0.6494754606823573;287.2;0.8931221719457014;0.6378151260504201;338.0;0.8731884057971014
bupa;13652;0.5;3;0.6335949218165462;0.6507206714103265;116.8;0.8804524886877829;0.6386554621848739;128.0;0.8659420289855072
bupa;87605;0.5;3;0.6631275024807303;0.6798120780879402;95.8;0.8677663512957631;0.6546218487394958;116.0;0.8405797101449275
bupa;1718;0.5;3;0.6381737194638465;0.6601988688195585;398.2;0.9945660222130812;0.623109243697479;485.0;0.9927536231884058
bupa;34488;0.5;3;0.6591966286490716;0.675059295748951;126.6;0.8052858905800082;0.580672268907563;157.0;0.7862318840579711
bupa;41856;0.5;3;0.683788875127838;0.6981025360335705;85.2;0.7427807486631016;0.6361344537815126;102.0;0.7391304347826086
bupa;78578;0.5;3;0.6232500179069542;0.6354999087757709;85.6;0.6286384204031263;0.4752100840336134;103.0;0.572463768115942
bupa;37134;0.5;3;0.6591835870537697;0.6737547892720307;84.8;0.7572192513368984;0.4764705882352941;99.0;0.7101449275362319
bupa;74923;0.5;3;0.6379837154309109;0.6539636927567962;112.2;0.8197614150555326;0.6100840336134454;131.0;0.8115942028985508
bupa;37837;0.5;3;0.6283539168758324;0.6414431673052363;94.0;0.6703044014808721;0.5941176470588235;111.0;0.6340579710144928
bupa;71477;0.5;3;0.6569646222477159;0.673823207443897;96.8;0.8768161250514191;0.5953781512605042;117.0;0.8478260869565217
bupa;51869;0.5;3;0.6635746637782752;0.6779602262360883;82.6;0.748194158782394;0.5827731092436974;101.0;0.7318840579710145
bupa;23128;0.5;3;0.6788182562946652;0.6938149972632731;91.2;0.7771534348004936;0.4647058823529412;107.0;0.7463768115942029
bupa;50575;0.5;3;0.6886383129948479;0.7045566502463053;91.4;0.8279144385026738;0.5928571428571429;110.0;0.7971014492753623
bupa;42750;0.5;3;0.6540801232162904;0.6736225141397555;156.4;0.9918510900863844;0.6105042016806723;194.0;0.9891304347826086
bupa;44271;0.5;3;0.6684174448486777;0.6864258347016967;103.4;0.9366186754422049;0.5647058823529412;126.0;0.9130434782608695
bupa;68520;0.5;3;0.6306884487310451;0.6479428936325489;170.4;0.8577786918963388;0.5928571428571429;197.0;0.8152173913043478
bupa;13150;0.5;3;0.6616043169421996;0.6739919722678345;79.8;0.6394652406417113;0.5651260504201681;100.0;0.6304347826086957
bupa;57967;0.5;3;0.6891857455306614;0.7101030833789455;346.8;0.9619703825586179;0.5642857142857143;440.0;0.9565217391304348
bupa;47079;0.5;3;0.6422147027372356;0.6581873745666849;93.6;0.8296914849856026;0.6378151260504201;112.0;0.8115942028985508
bupa;80300;0.5;3;0.6814835103407728;0.696706805327495;130.0;0.7681036610448374;0.49411764705882355;162.0;0.7463768115942029
bupa;18176;0.5;3;0.6411290739862483;0.6594508301404852;105.2;0.9529164952694366;0.5512605042016807;128.0;0.927536231884058
bupa;89597;0.5;3;0.6812790311242555;0.6969804780149607;136.8;0.7907198683669272;0.5676470588235294;164.0;0.7789855072463768
bupa;79959;0.5;3;0.6461739528668932;0.6615216201423098;93.4;0.7953023447141094;0.565546218487395;108.0;0.7753623188405797
bupa;85035;0.5;3;0.6402228638852239;0.6574302134646962;98.8;0.8949568078979844;0.5953781512605042;120.0;0.8695652173913043
bupa;3786;0.5;3;0.6742546794645745;0.689194490056559;92.0;0.7735664335664335;0.6378151260504201;118.0;0.7753623188405797
bupa;19593;0.5;3;0.6732409379937823;0.6892036124794746;126.8;0.8106951871657753;0.5945378151260504;167.0;0.8007246376811594
bupa;95531;0.5;3;0.6371374260397763;0.6586389345010034;347.8;0.9936610448375156;0.723529411764706;408.0;0.9927536231884058
bupa;38297;0.5;3;0.6567229343815683;0.6704022988505747;108.6;0.6947675853558206;0.5365546218487395;125.0;0.6884057971014492
bupa;74740;0.5;3;0.6411105692933896;0.6578270388615216;131.6;0.8496380090497737;0.6386554621848739;164.0;0.8297101449275363
bupa;68043;0.5;3;0.6384416365351633;0.6528188286808976;94.8;0.7409543397778692;0.6096638655462185;107.0;0.717391304347826
bupa;28922;0.5;3;0.6633719219384843;0.6786033570516329;98.2;0.7862196626902509;0.565546218487395;121.0;0.7717391304347826
bupa;17892;0.5;3;0.6696410829871672;0.6853585112205801;91.0;0.8170464829288357;0.5802521008403361;107.0;0.7753623188405797
bupa;3325;0.5;3;0.6556616066546396;0.6723864258347018;150.4;0.839654463183875;0.6394957983193277;158.0;0.8333333333333334
bupa;70134;0.5;3;0.6711062307094806;0.6872742200328408;93.4;0.8405841217605923;0.5663865546218487;113.0;0.8188405797101449
bupa;32325;0.5;3;0.6355786481314526;0.6514595876664842;94.2;0.8242945290004112;0.6252100840336134;119.0;0.8115942028985508
bupa;15431;0.5;3;0.6265693892409212;0.6426336434957125;110.8;0.8251912793089262;0.7399159663865547;121.0;0.8188405797101449
bupa;48499;0.5;3;0.674386327412939;0.6886836343732895;95.0;0.7364335664335664;0.5802521008403361;114.0;0.717391304347826
bupa;35634;0.5;3;0.6449613591162671;0.6610198868819559;95.6;0.8333196215549157;0.638235294117647;114.0;0.8043478260869565
bupa;75916;0.5;3;0.6569814276031755;0.6722176610107644;105.2;0.7825956396544631;0.6542016806722688;126.0;0.7536231884057971
bupa;52306;0.5;3;0.683304472884352;0.6967159277504105;88.6;0.691090086384204;0.5365546218487395;106.0;0.6521739130434783
bupa;57556;0.5;3;0.657435082319111;0.6771756978653531;192.4;0.9827930892636776;0.6495798319327731;230.0;0.9782608695652174
bupa;71476;0.5;3;0.6471947219381958;0.6625022806057289;89.4;0.79531057178116;0.6084033613445379;115.0;0.7681159420289855
bupa;46810;0.5;3;0.6555296720408282;0.6702882685641306;114.8;0.7508967503085151;0.5663865546218487;141.0;0.7391304347826086
bupa;63495;0.5;3;0.6454926308074734;0.6608419996351032;90.4;0.797062937062937;0.5932773109243697;105.0;0.7463768115942029
bupa;54551;0.5;3;0.6761195858335156;0.6945812807881773;174.6;0.9220855614973262;0.6243697478991597;195.0;0.9057971014492754
bupa;10070;0.5;3;0.6037105455086539;0.6157270571063675;72.2;0.623200329082682;0.5941176470588235;92.0;0.6231884057971014
bupa;59520;0.5;3;0.652954161651357;0.6701012588943622;215.2;0.82696421225833;0.611344537815126;248.0;0.8260869565217391
bupa;71675;0.5;3;0.6498822246508331;0.6628626163108923;115.8;0.6521842863019334;0.49327731092436977;126.0;0.6159420289855072
bupa;49870;0.5;3;0.6770792006618579;0.6919722678343369;87.4;0.7735417523652817;0.5365546218487395;110.0;0.7608695652173914
bupa;98297;0.5;3;0.6272254222979595;0.6418491151249771;91.6;0.7563389551624846;0.6819327731092437;110.0;0.7536231884057971
bupa;87498;0.5;5;0.6727621211724748;0.6942483123517607;374.0;0.9782599753187988;0.523109243697479;473.0;0.9746376811594203
bupa;19822;0.5;5;0.635792402360552;0.6506659368728334;85.4;0.7735746606334842;0.711344537815126;104.0;0.7536231884057971
bupa;37448;0.5;5;0.6620741997262194;0.6784528370735268;106.2;0.8451007815713698;0.5945378151260504;127.0;0.8260869565217391
bupa;95674;0.5;5;0.646005824147305;0.6635331143951835;104.6;0.9093953105717812;0.6054621848739496;112.0;0.7971014492753623
bupa;91937;0.5;5;0.6454119257493673;0.6670771756978654;370.6;0.9900329082682024;0.6542016806722688;472.0;0.9855072463768116
bupa;29155;0.5;5;0.6522729769267162;0.6738596971355592;374.2;0.9836980666392432;0.6815126050420168;566.0;0.9818840579710145
bupa;82876;0.5;5;0.6562608886574844;0.6751733260353949;274.8;0.8912998765939942;0.6088235294117648;382.0;0.8840579710144928
bupa;96728;0.5;5;0.6638302242028321;0.6788496624703522;101.6;0.7726285479226656;0.5508403361344538;120.0;0.7572463768115942
bupa;80573;0.5;5;0.6177419046201567;0.6322796934865901;114.0;0.7391526120937886;0.6386554621848739;121.0;0.7028985507246377
bupa;39750;0.5;5;0.6298568747145562;0.646688560481664;97.4;0.8749979432332374;0.5369747899159664;111.0;0.782608695652174
bupa;13652;0.5;5;0.6405018613769385;0.656143951833607;109.6;0.8025545043192102;0.6239495798319328;129.0;0.7717391304347826
bupa;87605;0.5;5;0.6635315246686398;0.6788861521620142;100.6;0.7916865487453724;0.611344537815126;114.0;0.7572463768115942
bupa;1718;0.5;5;0.6498963303806102;0.671820835613939;388.2;0.9945660222130812;0.623109243697479;536.0;0.9927536231884058
bupa;34488;0.5;5;0.6637652047424735;0.6792829775588396;105.4;0.7980255039078568;0.5525210084033614;126.0;0.7789855072463768
bupa;41856;0.5;5;0.6635789579353827;0.678621601897464;90.8;0.7799095022624435;0.6369747899159663;108.0;0.7681159420289855
bupa;78578;0.5;5;0.627689319977661;0.6393632548804962;70.8;0.6050678733031674;0.5928571428571429;89.0;0.6159420289855072
bupa;37134;0.5;5;0.6634818829795238;0.67707991242474;82.6;0.7047223364870424;0.5487394957983194;93.0;0.6594202898550725
bupa;74923;0.5;5;0.6528950882933818;0.6750228060572888;441.0;0.9764500205676676;0.5953781512605042;531.0;0.9637681159420289
bupa;37837;0.5;5;0.6237703969882734;0.6419449005655903;123.2;0.9347881530234472;0.6550420168067227;153.0;0.9166666666666666
bupa;71477;0.5;5;0.669300927871128;0.6834017515051998;83.6;0.7319210201563143;0.607983193277311;98.0;0.7028985507246377
bupa;51869;0.5;5;0.655364642013156;0.669088669950739;78.8;0.7137885643767998;0.6092436974789917;99.0;0.7101449275362319
bupa;23128;0.5;5;0.6824710894586986;0.6964878671775223;86.8;0.725503907856849;0.5373949579831933;111.0;0.7318840579710145
bupa;50575;0.5;5;0.6850657022675058;0.7004561211457764;105.8;0.790773344302756;0.5508403361344538;152.0;0.782608695652174
bupa;42750;0.5;5;0.6743964920138966;0.6896095602992155;89.8;0.7898724804607157;0.6100840336134454;111.0;0.7681159420289855
bupa;44271;0.5;5;0.6652946370066486;0.681353767560664;97.2;0.8324640065816536;0.6810924369747899;109.0;0.7753623188405797
bupa;68520;0.5;5;0.6231939525028642;0.6396369275679621;94.6;0.8550966680378446;0.6957983193277311;117.0;0.8478260869565217
bupa;13150;0.5;5;0.6580567877262912;0.6696086480569239;68.4;0.5996626902509256;0.5201680672268907;90.0;0.6159420289855072
bupa;57967;0.5;5;0.6861607712937196;0.7013455573800401;116.4;0.7735335252982313;0.5798319327731092;126.0;0.7427536231884058
bupa;47079;0.5;5;0.6387745063654535;0.6548804962598066;93.8;0.8369395310571782;0.6521008403361345;114.0;0.8188405797101449
bupa;80300;0.5;5;0.6915408822077179;0.707165663200146;122.6;0.7943767996709173;0.49369747899159666;136.0;0.7717391304347826
bupa;18176;0.5;5;0.6307505860210023;0.647245028279511;124.2;0.8414932126696832;0.5819327731092437;140.0;0.8333333333333334
bupa;89597;0.5;5;0.6890254912332476;0.7043878854223682;140.6;0.7698930481283423;0.6109243697478991;158.0;0.7608695652173914
bupa;79959;0.5;5;0.6765587743393324;0.6923964604999087;104.6;0.8161291649526945;0.5214285714285714;124.0;0.7681159420289855
bupa;85035;0.5;5;0.6501162263458322;0.6661694946177705;103.2;0.8288070752776635;0.596218487394958;127.0;0.8333333333333334
bupa;3786;0.5;5;0.6602662795937114;0.6755610290093048;91.4;0.7934923899629782;0.6235294117647059;117.0;0.782608695652174
bupa;19593;0.5;5;0.6728449972172964;0.6893267651888342;158.8;0.8215713698066638;0.580672268907563;245.0;0.8586956521739131
bupa;95531;0.5;5;0.6561540370194131;0.6710819193577814;90.8;0.7735746606334841;0.6945378151260504;112.0;0.7608695652173914
bupa;38297;0.5;5;0.6471040437238956;0.6630131362889984;126.4;0.807959687371452;0.5201680672268907;168.0;0.7971014492753623
bupa;74740;0.5;5;0.6462389551063595;0.6636836343732895;184.4;0.8605018510900864;0.6239495798319328;207.0;0.8442028985507246
bupa;68043;0.5;5;0.650241878246332;0.6658182813355228;173.2;0.7635952283011107;0.5495798319327732;208.0;0.7572463768115942
bupa;28922;0.5;5;0.6617329964729427;0.6780833789454479;103.4;0.8450966680378447;0.6529411764705882;123.0;0.8333333333333334
bupa;17892;0.5;5;0.6799328620640024;0.6964604999087758;132.4;0.8387700534759359;0.6390756302521008;158.0;0.7971014492753623
bupa;3325;0.5;5;0.6576462584313806;0.6759487319832147;181.6;0.909407651172357;0.6243697478991597;230.0;0.894927536231884
bupa;70134;0.5;5;0.6834939989090488;0.6983670862981208;85.4;0.7735499794323324;0.5798319327731092;105.0;0.7608695652173914
bupa;32325;0.5;5;0.6442070441806971;0.6589308520343004;117.8;0.747309749074455;0.5495798319327732;137.0;0.7318840579710145
bupa;15431;0.5;5;0.6572977148319991;0.6699005655902207;75.0;0.6540106951871658;0.6365546218487395;101.0;0.644927536231884
bupa;48499;0.5;5;0.6695036909127658;0.6840631271665755;86.8;0.7554586589880707;0.5071428571428571;105.0;0.7391304347826086
bupa;35634;0.5;5;0.6586079683513318;0.6746624703521255;95.2;0.8333196215549157;0.6680672268907563;114.0;0.8115942028985508
bupa;75916;0.5;5;0.675480392333069;0.6904807516876483;137.2;0.7517976141505553;0.5684873949579832;154.0;0.7536231884057971
bupa;52306;0.5;5;0.6928035924538041;0.707297938332421;132.6;0.7264212258329905;0.5798319327731092;149.0;0.6992753623188406
bupa;57556;0.5;5;0.6591384128686801;0.6731025360335705;130.4;0.6983751542575073;0.5491596638655463;185.0;0.677536231884058
bupa;71476;0.5;5;0.6395200164979247;0.6554734537493159;91.6;0.8297408473879061;0.5361344537815126;112.0;0.8115942028985508
bupa;46810;0.5;5;0.6513582981318231;0.6660737091771575;105.6;0.7536240230357877;0.565546218487395;126.0;0.75
bupa;63495;0.5;5;0.6594588221395038;0.6757982120051085;94.2;0.849600987248046;0.6239495798319328;111.0;0.8043478260869565
bupa;54551;0.5;5;0.6811942261518944;0.6959678890713373;100.0;0.7599506375976964;0.5647058823529412;121.0;0.7391304347826086
bupa;10070;0.5;5;0.6091095201478612;0.623093413610655;81.8;0.7264664747017688;0.6218487394957983;99.0;0.7101449275362319
bupa;59520;0.5;5;0.654874608236126;0.6732758620689655;191.4;0.9094158782394077;0.611344537815126;231.0;0.9021739130434783
bupa;71675;0.5;5;0.6591123431872176;0.673709177157453;84.0;0.7590785684903332;0.5798319327731092;101.0;0.7246376811594203
bupa;49870;0.5;5;0.6845140003535806;0.7001642036124794;107.2;0.8043356643356642;0.5659663865546218;123.0;0.782608695652174
bupa;98297;0.5;5;0.6451908247744521;0.6667350848385332;360.2;0.9891320444261622;0.66890756302521;423.0;0.9855072463768116
bupa;87498;8.0;4;0.6761325909109003;0.6887976646597336;92.6;0.6476676264911558;0.5823529411764705;108.0;0.6340579710144928
bupa;19822;8.0;4;0.6429553873530414;0.6575624885969713;116.0;0.7418675442204854;0.6957983193277311;160.0;0.75
bupa;37448;8.0;4;0.7021126529177283;0.7174147053457398;289.4;0.6838955162484576;0.5222689075630252;263.0;0.6739130434782609
bupa;95674;8.0;4;0.6327632727533512;0.6434911512497719;84.4;0.5452900041135336;0.5936974789915966;91.0;0.5
bupa;91937;8.0;4;0.646914658223636;0.6609651523444626;148.8;0.6929206088029618;0.6676470588235295;140.0;0.6666666666666666
bupa;29155;8.0;4;0.6359667198494476;0.6500045612114578;80.6;0.7301110654051831;0.5373949579831933;100.0;0.7246376811594203
bupa;82876;8.0;4;0.6503510596687905;0.6644407954752782;105.4;0.7191978609625669;0.5949579831932773;154.0;0.7101449275362319
bupa;96728;8.0;4;0.6622944022453459;0.6735860244480933;83.4;0.57696421225833;0.49243697478991594;85.0;0.532608695652174
bupa;80573;8.0;4;0.6194354483760516;0.6304552089034847;80.8;0.5634018922254217;0.5508403361344538;104.0;0.5688405797101449
bupa;39750;8.0;4;0.6447754858132758;0.6558520343003102;63.6;0.5760921431509668;0.47815126050420165;75.0;0.5434782608695652
bupa;13652;8.0;4;0.638073536499985;0.6517971173143586;78.8;0.713763883175648;0.623109243697479;93.0;0.6739130434782609
bupa;87605;8.0;4;0.6646381231351245;0.6765508118956394;68.4;0.6195804195804195;0.58109243697479;86.0;0.6231884057971014
bupa;1718;8.0;4;0.655147554807247;0.6676062762269658;199.4;0.5769436445907034;0.6092436974789917;171.0;0.5398550724637681
bupa;34488;8.0;4;0.6660640297428154;0.6784984491881044;71.4;0.6467132867132868;0.507563025210084;90.0;0.644927536231884
bupa;41856;8.0;4;0.6788666293196014;0.6930395913154535;102.2;0.7255697243932537;0.6798319327731093;127.0;0.7137681159420289
bupa;78578;8.0;4;0.6050614258656193;0.6152253238460135;64.2;0.52538050185109;0.5197478991596638;76.0;0.5217391304347826
bupa;37134;8.0;4;0.6589597387225045;0.6705801860974275;75.2;0.5996709173179762;0.5478991596638656;96.0;0.5942028985507246
bupa;74923;8.0;4;0.6342636398634502;0.6558520343003101;364.6;0.9891238173591116;0.6369747899159663;436.0;0.9855072463768116
bupa;37837;8.0;4;0.6451329687606034;0.6594508301404853;181.8;0.6893459481694776;0.6533613445378151;214.0;0.6739130434782609
bupa;71477;8.0;4;0.66852822378012;0.6799717204889619;83.8;0.5851254627725215;0.5659663865546218;125.0;0.5652173913043478
bupa;51869;8.0;4;0.6780213970962714;0.6890530925013684;65.6;0.5725051419169066;0.6092436974789917;77.0;0.5579710144927537
bupa;23128;8.0;4;0.674105075350776;0.6845648604269294;92.0;0.5262690250925545;0.5365546218487395;75.0;0.463768115942029
bupa;50575;8.0;4;0.6936583019311877;0.7060207991242475;87.0;0.6340765117235706;0.6071428571428572;128.0;0.6195652173913043
bupa;42750;8.0;4;0.6512171360117606;0.6631636562671044;158.2;0.571559029206088;0.49369747899159666;124.0;0.5253623188405797
bupa;44271;8.0;4;0.6431686453251405;0.6650930487137383;399.6;0.9882270670505966;0.6252100840336134;489.0;0.9855072463768116
bupa;68520;8.0;4;0.6339138461382486;0.6482256887429301;204.0;0.6766803784450842;0.6386554621848739;183.0;0.6485507246376812
bupa;13150;8.0;4;0.6700493324268569;0.6807380040138661;64.2;0.5543480049362401;0.5504201680672269;73.0;0.5072463768115942
bupa;57967;8.0;4;0.6799638598573691;0.6927750410509032;86.0;0.6593994241053065;0.5953781512605042;107.0;0.6521739130434783
bupa;47079;8.0;4;0.6331938787899409;0.6465471629264732;77.8;0.6938790621143562;0.5794117647058823;91.0;0.6594202898550725
bupa;80300;8.0;4;0.6931930977763945;0.7137976646597337;452.8;0.8858165364047718;0.5222689075630252;606.0;0.8297101449275363
bupa;18176;8.0;4;0.629781787354545;0.6408091589126071;65.2;0.5724886877828055;0.6088235294117648;77.0;0.5579710144927537
bupa;89597;8.0;4;0.674276004459883;0.6863802225871191;71.2;0.6285972850678733;0.6092436974789917;89.0;0.6304347826086957
bupa;79959;8.0;4;0.6407121525425609;0.6519978106185003;64.8;0.5869683257918552;0.5483193277310925;78.0;0.5652173913043478
bupa;85035;8.0;4;0.6523992301471577;0.6636380222587119;66.6;0.5833813245577951;0.49201680672268905;82.0;0.572463768115942
bupa;3786;8.0;4;0.6639821902790418;0.6768929027549717;169.2;0.6186713286713287;0.5802521008403361;198.0;0.605072463768116
bupa;19593;8.0;4;0.6594677333189328;0.6742474001094692;146.2;0.7346153846153847;0.6100840336134454;157.0;0.7355072463768116
bupa;95531;8.0;4;0.6464153422715686;0.6601395730706076;109.8;0.6965775401069518;0.6222689075630252;165.0;0.7028985507246377
bupa;38297;8.0;4;0.6561718412029287;0.6699005655902208;115.2;0.6938255861785274;0.565546218487395;181.0;0.7028985507246377
bupa;74740;8.0;4;0.6636194276272767;0.685226236088305;366.4;0.9891402714932127;0.6533613445378151;463.0;0.9855072463768116
bupa;68043;8.0;4;0.6588229371183115;0.6736225141397556;257.4;0.6739366515837104;0.6386554621848739;328.0;0.6630434782608695
bupa;28922;8.0;4;0.6547498387574673;0.6681444991789819;82.0;0.6938296997120525;0.6827731092436975;115.0;0.7246376811594203
bupa;17892;8.0;4;0.6658396652253034;0.6872559751870098;342.6;0.991846976552859;0.5945378151260504;469.0;0.9891304347826086
bupa;3325;8.0;4;0.642558646873732;0.655623973727422;75.4;0.6793171534348005;0.5214285714285714;88.0;0.6376811594202898
bupa;70134;8.0;4;0.6719765136571072;0.685632183908046;145.4;0.6730152200740436;0.596218487394958;377.0;0.6811594202898551
bupa;32325;8.0;4;0.6435798181886903;0.6567870826491516;141.6;0.6503743315508022;0.5794117647058823;225.0;0.6268115942028986
bupa;15431;8.0;4;0.6337934800074319;0.6463555920452472;80.8;0.6485396955985191;0.5634453781512605;80.0;0.5507246376811594
bupa;48499;8.0;4;0.6860045607285222;0.6993796752417442;76.8;0.695639654463184;0.5504201680672269;92.0;0.6666666666666666
bupa;35634;8.0;4;0.6441822802360547;0.6599525634008392;221.8;0.747297408473879;0.6529411764705882;273.0;0.7427536231884058
bupa;75916;8.0;4;0.6961894367860502;0.707703886152162;68.0;0.597819827231592;0.6239495798319328;82.0;0.5797101449275363
bupa;52306;8.0;4;0.7045464877296388;0.7177750410509031;81.8;0.684771698889346;0.5659663865546218;103.0;0.6811594202898551
bupa;57556;8.0;4;0.6600710625414082;0.674133369823025;122.2;0.7083504730563555;0.5789915966386554;158.0;0.6884057971014492
bupa;71476;8.0;4;0.6390023401585267;0.6510992519613209;70.4;0.6286384204031263;0.6516806722689076;82.0;0.5942028985507246
bupa;46810;8.0;4;0.6572497298767253;0.6697682904579457;73.2;0.6503578774167009;0.5802521008403361;92.0;0.6376811594202898
bupa;63495;8.0;4;0.6510791381143703;0.6651112935595693;93.2;0.7227972027972028;0.565546218487395;116.0;0.7282608695652174
bupa;54551;8.0;4;0.6715468045793692;0.6820333880678708;67.0;0.5416371863430687;0.5352941176470588;72.0;0.5072463768115942
bupa;10070;8.0;4;0.6260560552012621;0.6368044152526912;63.6;0.5579761415055533;0.5365546218487395;79.0;0.5579710144927537
bupa;59520;8.0;4;0.6442276834973502;0.6559660645867542;67.4;0.6105141916906623;0.5936974789915966;83.0;0.6014492753623188
bupa;71675;8.0;4;0.6574135013353639;0.6691160372194854;67.2;0.6086466474701769;0.5357142857142857;82.0;0.5942028985507246
bupa;49870;8.0;4;0.6970182006972067;0.709204524721766;193.4;0.5652406417112299;0.5798319327731092;199.0;0.5181159420289855
bupa;98297;8.0;4;0.6331277178805621;0.6452882685641307;142.0;0.5923735088440971;0.6222689075630252;180.0;0.572463768115942
bupa;87498;8.0;3;0.6919414823367993;0.7137976646597336;391.2;0.9891279308926368;0.611344537815126;496.0;0.9855072463768116
bupa;19822;8.0;3;0.6668284241578845;0.6817870826491517;90.6;0.7753846153846154;0.6546218487394958;110.0;0.7644927536231884
bupa;37448;8.0;3;0.6805371295191827;0.6932767743112571;140.8;0.6250061703002879;0.5642857142857143;137.0;0.5942028985507246
bupa;95674;8.0;3;0.6361254477811272;0.6467980295566502;83.8;0.5425709584533113;0.6071428571428572;104.0;0.4963768115942029
bupa;91937;8.0;3;0.6501771257669045;0.6645457033388068;138.0;0.7164788153023448;0.6235294117647059;158.0;0.7028985507246377
bupa;29155;8.0;3;0.6420557557021309;0.656372012406495;82.2;0.7445907034142328;0.6529411764705882;100.0;0.7246376811594203
bupa;82876;8.0;3;0.667505947546295;0.6819102353585113;123.6;0.7264500205676676;0.5941176470588235;158.0;0.7137681159420289
bupa;96728;8.0;3;0.6517726067966387;0.6649516511585476;93.2;0.6757054709995887;0.5941176470588235;103.0;0.6702898550724637
bupa;80573;8.0;3;0.6177769986160276;0.6323937237730342;118.6;0.7409543397778692;0.7247899159663866;132.0;0.7101449275362319
bupa;39750;8.0;3;0.648871933227917;0.659669768290458;62.0;0.5615960510078157;0.5504201680672269;76.0;0.5507246376811594
bupa;13652;8.0;3;0.6491122479094302;0.6634282065316548;82.2;0.7445742492801316;0.6525210084033614;102.0;0.7391304347826086
bupa;87605;8.0;3;0.660575385967506;0.6749087757708446;98.6;0.7364253393665158;0.6399159663865546;118.0;0.7318840579710145
bupa;1718;8.0;3;0.6415599483742618;0.6529146141215106;65.2;0.5905553270259152;0.6096638655462185;80.0;0.5797101449275363
bupa;34488;8.0;3;0.6766759679633391;0.6898649881408503;126.8;0.6575894693541753;0.5932773109243697;121.0;0.6485507246376812
bupa;41856;8.0;3;0.6828333355081746;0.696611019886882;97.2;0.7065281777046483;0.6802521008403362;113.0;0.677536231884058
bupa;78578;8.0;3;0.6190168767491503;0.6304643313264002;67.8;0.5942328259975318;0.6067226890756303;85.0;0.5942028985507246
bupa;37134;8.0;3;0.6711617586806096;0.6839673417259624;83.8;0.6603126285479226;0.5495798319327732;98.0;0.6304347826086957
bupa;74923;8.0;3;0.6359941540969409;0.6498814085020982;85.2;0.7192431098313452;0.6533613445378151;104.0;0.6956521739130435
bupa;37837;8.0;3;0.6420973755105954;0.6528188286808977;98.4;0.5371575483340189;0.5815126050420169;111.0;0.5108695652173914
bupa;71477;8.0;3;0.6719479480720552;0.6848202882685641;80.6;0.6657754010695187;0.5941176470588235;113.0;0.6884057971014492
bupa;51869;8.0;3;0.6657926117440846;0.6778097062579821;69.0;0.6250102838338133;0.58109243697479;86.0;0.6231884057971014
bupa;23128;8.0;3;0.6753044821767814;0.6973955482576173;408.0;0.9927601809954751;0.5668067226890756;586.0;0.9927536231884058
bupa;50575;8.0;3;0.7120990951769681;0.7253329684364168;88.8;0.6811764705882354;0.49201680672268905;112.0;0.6594202898550725
bupa;42750;8.0;3;0.6568806737720442;0.6719896004378763;99.0;0.7790127519539284;0.611764705882353;125.0;0.7753623188405797
bupa;44271;8.0;3;0.6468625364650146;0.6593003101623791;71.6;0.646787330316742;0.6100840336134454;90.0;0.644927536231884
bupa;68520;8.0;3;0.6313873900023472;0.6450419631454114;78.4;0.7101768819415879;0.6970588235294117;102.0;0.7101449275362319
bupa;13150;8.0;3;0.6691750899507315;0.6819102353585111;80.0;0.6585355820649939;0.6088235294117648;120.0;0.6739130434782609
bupa;57967;8.0;3;0.6916295879487078;0.7054552089034848;102.0;0.7065076100370218;0.6529411764705882;127.0;0.7065217391304348
bupa;47079;8.0;3;0.6461818445466695;0.6563537675606641;58.6;0.5289345948169477;0.5348739495798319;66.0;0.47101449275362317
bupa;80300;8.0;3;0.687136181885388;0.7004105090311986;122.2;0.6648539695598519;0.5516806722689076;137.0;0.644927536231884
bupa;18176;8.0;3;0.6323681140549913;0.6536124794745485;516.4;0.8858000822706705;0.5802521008403361;1520.0;0.7753623188405797
bupa;89597;8.0;3;0.6780277155769923;0.6917761357416529;84.6;0.7119127930892637;0.5680672268907563;102.0;0.717391304347826
bupa;79959;8.0;3;0.6473845176358626;0.6604816639299398;75.2;0.6811846976552859;0.6226890756302521;90.0;0.6521739130434783
bupa;85035;8.0;3;0.6432226030584571;0.6570516329137018;79.4;0.7192513368983958;0.6525210084033614;100.0;0.7246376811594203
bupa;3786;8.0;3;0.6540004993381613;0.6674922459405217;78.6;0.7010777457836281;0.6247899159663866;92.0;0.6666666666666666
bupa;19593;8.0;3;0.6717057358415722;0.6856321839080459;102.2;0.7119621554915673;0.6386554621848739;128.0;0.6992753623188406
bupa;95531;8.0;3;0.6359562865462856;0.6506750592957489;89.6;0.7626984779925955;0.711344537815126;115.0;0.7681159420289855
bupa;38297;8.0;3;0.6523378224038555;0.667236818098887;187.4;0.7183134512546279;0.5512605042016807;202.0;0.7065217391304348
bupa;74740;8.0;3;0.653049494339952;0.6746442255062944;365.2;0.9891402714932127;0.6390756302521008;482.0;0.9855072463768116
bupa;68043;8.0;3;0.6433794857442225;0.6558702791461413;80.2;0.6449362402303579;0.5953781512605042;101.0;0.6268115942028986
bupa;28922;8.0;3;0.6650492243414899;0.6786033570516329;81.6;0.702854792266557;0.6256302521008403;108.0;0.7101449275362319
bupa;17892;8.0;3;0.673265476129375;0.6950602079912425;380.2;0.991846976552859;0.6247899159663866;471.0;0.9891304347826086
bupa;3325;8.0;3;0.6469939253046229;0.6598111658456486;73.6;0.6666227889757301;0.6105042016806723;93.0;0.6739130434782609
bupa;70134;8.0;3;0.6939008517229701;0.7061530742565225;72.8;0.6358782394076512;0.5794117647058823;83.0;0.5942028985507246
bupa;32325;8.0;3;0.6425368312665474;0.6567870826491516;105.0;0.7282805429864254;0.6109243697478991;129.0;0.7282608695652174
bupa;15431;8.0;3;0.6468987548480889;0.6616538952745848;90.0;0.764483751542575;0.6953781512605042;104.0;0.7101449275362319
bupa;48499;8.0;3;0.6733714565869077;0.6846013501185915;77.2;0.5770012340600575;0.49243697478991594;98.0;0.5797101449275363
bupa;35634;8.0;3;0.64560948870974;0.6599890530925013;91.8;0.7427519539284246;0.7109243697478991;104.0;0.7246376811594203
bupa;75916;8.0;3;0.6815794708781304;0.6932858967341726;70.8;0.6068613739201975;0.5794117647058823;80.0;0.5507246376811594
bupa;52306;8.0;3;0.7160374415705574;0.7283752964787448;92.8;0.6294940353763884;0.5794117647058823;127.0;0.6231884057971014
bupa;57556;8.0;3;0.6559804701484964;0.6701742382776865;141.8;0.704718222953517;0.5638655462184874;140.0;0.677536231884058
bupa;71476;8.0;3;0.6436749993032513;0.6556923918992884;69.0;0.6250267379679145;0.5789915966386554;82.0;0.5942028985507246
bupa;46810;8.0;3;0.655748250159133;0.6777047983944536;424.0;0.9764459070341424;0.6235294117647059;528.0;0.9710144927536232
bupa;63495;8.0;3;0.6558572241640634;0.6682220397737639;71.0;0.6430933772110242;0.6378151260504201;88.0;0.6376811594202898
bupa;54551;8.0;3;0.6870533690953261;0.6993979200875753;72.2;0.6413081036610448;0.6378151260504201;90.0;0.6376811594202898
bupa;10070;8.0;3;0.6193418626780255;0.6299078635285532;61.8;0.5489099136157959;0.5516806722689076;76.0;0.5362318840579711
bupa;59520;8.0;3;0.6582199053987791;0.67183908045977;78.2;0.7083340189222543;0.5802521008403361;94.0;0.6811594202898551
bupa;71675;8.0;3;0.6605291129451109;0.6732074438970991;72.8;0.6593994241053064;0.6235294117647059;86.0;0.6231884057971014
bupa;49870;8.0;3;0.6897790393945258;0.7036307243203795;223.6;0.6403907856849033;0.5222689075630252;247.0;0.6086956521739131
bupa;98297;8.0;3;0.6340000214441303;0.6464331326400292;79.4;0.6421966269025092;0.6373949579831932;108.0;0.644927536231884
bupa;87498;8.0;5;0.6826562573291783;0.6956850939609561;99.4;0.6639695598519127;0.6243697478991597;135.0;0.6630434782608695
bupa;19822;8.0;5;0.6387260827016316;0.6526591862798758;89.8;0.7192184286301935;0.6831932773109244;115.0;0.7101449275362319
bupa;37448;8.0;5;0.6872475255780661;0.7000775405947819;99.2;0.6531057178116002;0.6100840336134454;126.0;0.6557971014492754
bupa;95674;8.0;5;0.6412655829046163;0.6631454114212735;396.8;0.987322089675031;0.7088235294117647;538.0;0.9855072463768116
bupa;91937;8.0;5;0.6365793374508869;0.6481800766283524;66.8;0.6032496914849856;0.6096638655462185;86.0;0.6159420289855072
bupa;29155;8.0;5;0.6350086118042948;0.6485951468710089;78.2;0.7065322912381736;0.6529411764705882;95.0;0.6884057971014492
bupa;82876;8.0;5;0.6532586886954556;0.6751642036124794;391.2;0.9918510900863844;0.6802521008403362;513.0;0.9891304347826086
bupa;96728;8.0;5;0.6331810596345608;0.6438241196861887;63.0;0.552496914849856;0.5789915966386554;86.0;0.5869565217391305
bupa;80573;8.0;5;0.6225082781464516;0.6370689655172412;281.0;0.6476388317564787;0.6949579831932773;295.0;0.6195652173913043
bupa;39750;8.0;5;0.6368770405717005;0.6480660463419083;65.0;0.5815220074043604;0.49243697478991594;74.0;0.5289855072463768
bupa;13652;8.0;5;0.6504101448146337;0.6644772851669403;83.6;0.7300617030028794;0.696218487394958;100.0;0.7101449275362319
bupa;87605;8.0;5;0.6620317179390951;0.673631636562671;66.6;0.6033155080213903;0.580672268907563;79.0;0.572463768115942
bupa;1718;8.0;5;0.6357980281429219;0.6539636927567962;220.2;0.8804113533525297;0.5953781512605042;804.0;0.8659420289855072
bupa;34488;8.0;5;0.672687567399072;0.6852536033570517;74.6;0.6522007404360346;0.5651260504201681;97.0;0.6521739130434783
bupa;41856;8.0;5;0.6792267071029529;0.6922459405218027;83.8;0.6721061291649527;0.5928571428571429;95.0;0.6268115942028986
bupa;78578;8.0;5;0.603993661620216;0.6151021711366539;133.6;0.5389675030851502;0.3630252100840336;150.0;0.5471014492753623
bupa;37134;8.0;5;0.6683910624664879;0.6810299215471629;96.6;0.6439983545865899;0.607983193277311;99.0;0.5942028985507246
bupa;74923;8.0;5;0.6282587950636279;0.6498814085020982;368.0;0.9891238173591116;0.6247899159663866;481.0;0.9855072463768116
bupa;37837;8.0;5;0.6432198207667826;0.6562671045429667;163.2;0.629543397778692;0.6676470588235295;291.0;0.6340579710144928
bupa;71477;8.0;5;0.6571725280383451;0.6684729064039409;74.4;0.5824475524475524;0.6096638655462185;85.0;0.5543478260869565
bupa;51869;8.0;5;0.6737112132689344;0.6844325852946542;78.8;0.548041958041958;0.5949579831932773;89.0;0.5760869565217391
bupa;23128;8.0;5;0.6603875776594931;0.682316183178252;388.6;0.9945701357466064;0.58109243697479;509.0;0.9927536231884058
bupa;50575;8.0;5;0.6851125811985456;0.6958173690932311;69.0;0.5525709584533114;0.5802521008403361;71.0;0.5108695652173914
bupa;42750;8.0;5;0.6555835386934911;0.6668764823937238;78.6;0.5797038255861786;0.5512605042016807;104.0;0.5760869565217391
bupa;44271;8.0;5;0.6370102925429675;0.6483123517606277;66.4;0.5869847799259564;0.607983193277311;79.0;0.5652173913043478
bupa;68520;8.0;5;0.6376732739036514;0.6511539864988141;77.4;0.7011353352529823;0.6252100840336134;93.0;0.6739130434782609
bupa;13150;8.0;5;0.672633061823577;0.684998175515417;71.0;0.6431098313451254;0.55;84.0;0.6086956521739131
bupa;57967;8.0;5;0.6705662056412784;0.6833287721218756;115.4;0.6403825586178528;0.6369747899159663;137.0;0.6268115942028986
bupa;47079;8.0;5;0.6188740217688979;0.6314860426929393;76.0;0.6539613327848622;0.5651260504201681;89.0;0.6231884057971014
bupa;80300;8.0;5;0.6777833755955726;0.6999087757708449;421.2;0.9873220896750308;0.507563025210084;514.0;0.9818840579710145
bupa;18176;8.0;5;0.6265666055746751;0.6381545338441891;176.4;0.5416536404771698;0.5369747899159664;209.0;0.5253623188405797
bupa;89597;8.0;5;0.6910223465776204;0.7040184272942893;179.4;0.6177169888934595;0.5373949579831933;203.0;0.5833333333333334
bupa;79959;8.0;5;0.6363735513024471;0.6474229155263638;67.4;0.5724804607157549;0.5348739495798319;82.0;0.572463768115942
bupa;85035;8.0;5;0.6478902208176174;0.6594417077175697;104.2;0.5797531879884821;0.6088235294117648;137.0;0.5869565217391305
bupa;3786;8.0;5;0.6568969759690942;0.6699096880131362;182.6;0.6168572603866722;0.49327731092436977;199.0;0.572463768115942
bupa;19593;8.0;5;0.6705920358944214;0.6848111658456485;543.8;0.4827848621966269;0.5651260504201681;431.0;0.4963768115942029
bupa;95531;8.0;5;0.635135434134023;0.6480842911877394;76.8;0.672110242698478;0.6512605042016807;91.0;0.644927536231884
bupa;38297;8.0;5;0.6601498972238236;0.6708264915161467;63.0;0.5543480049362401;0.47731092436974787;88.0;0.5507246376811594
bupa;74740;8.0;5;0.6385038306638535;0.6599616858237547;351.6;0.9891402714932127;0.6533613445378151;447.0;0.9855072463768116
bupa;68043;8.0;5;0.6573856264581858;0.6690202517788725;97.8;0.5878979843685725;0.6369747899159663;133.0;0.5652173913043478
bupa;28922;8.0;5;0.6470267084541933;0.6596606458675425;167.8;0.6041711229946525;0.696218487394958;154.0;0.6159420289855072
bupa;17892;8.0;5;0.6807621047991672;0.702061667578909;331.0;0.991846976552859;0.5802521008403361;430.0;0.9891304347826086
bupa;3325;8.0;5;0.6448170027695339;0.655701514322204;64.2;0.565158371040724;0.6100840336134454;76.0;0.5507246376811594
bupa;70134;8.0;5;0.6512633119943069;0.6636653895274586;71.4;0.6449280131633073;0.5659663865546218;84.0;0.6086956521739131
bupa;32325;8.0;5;0.637205886782569;0.6490968801313628;156.0;0.5697161661867545;0.5651260504201681;167.0;0.5398550724637681
bupa;15431;8.0;5;0.6157159062524395;0.6257480386790732;61.0;0.5198848210612917;0.7096638655462185;125.0;0.5362318840579711
bupa;48499;8.0;5;0.6882282545090113;0.7001642036124796;70.8;0.6195310571781161;0.5949579831932773;89.0;0.6304347826086957
bupa;35634;8.0;5;0.6372571064022029;0.6528005838350666;248.2;0.720111065405183;0.6386554621848739;334.0;0.7028985507246377
bupa;75916;8.0;5;0.6697140860522772;0.6825624885969713;94.6;0.6566762649115591;0.5390756302521009;111.0;0.6413043478260869
bupa;52306;8.0;5;0.7030816073675893;0.71525269111476;76.2;0.6295104895104895;0.5516806722689076;86.0;0.5833333333333334
bupa;57556;8.0;5;0.6496980773282696;0.6630222587119139;122.2;0.6676059234882763;0.5487394957983194;123.0;0.6231884057971014
bupa;71476;8.0;5;0.6331916361868297;0.65658638934501;774.0;0.8613903743315507;0.623109243697479;742.0;0.7789855072463768
bupa;46810;8.0;5;0.6614665100368204;0.6736225141397555;69.8;0.6322336487042369;0.5361344537815126;86.0;0.6231884057971014
bupa;63495;8.0;5;0.6449048163606326;0.6575077540594781;168.0;0.6023488276429452;0.5478991596638656;155.0;0.6086956521739131
bupa;54551;8.0;5;0.6829509790820311;0.6946542601715014;67.2;0.6086877828054298;0.5668067226890756;75.0;0.5434782608695652
bupa;10070;8.0;5;0.6316719061332784;0.6451103813172778;153.2;0.6566927190456602;0.5226890756302521;197.0;0.644927536231884
bupa;59520;8.0;5;0.6451198136958566;0.65623973727422;82.6;0.5679308926367751;0.5798319327731092;103.0;0.5688405797101449
bupa;71675;8.0;5;0.6580242959450783;0.6705345739828499;106.6;0.6313451254627724;0.5226890756302521;180.0;0.6268115942028986
bupa;49870;8.0;5;0.6962651148446855;0.7099708082466704;204.2;0.6431098313451254;0.5226890756302521;279.0;0.6485507246376812
bupa;98297;8.0;5;0.6542709055258662;0.667738551359241;107.2;0.6838584944467297;0.6815126050420168;137.0;0.6811594202898551
bupa;87498;128.0;4;0.680182035254793;0.6922641853676337;104.8;0.6087124640065817;0.5966386554621849;144.0;0.6086956521739131
bupa;19822;128.0;4;0.6340094302836828;0.6444672505017333;67.4;0.5398272315919375;0.5794117647058823;75.0;0.5362318840579711
bupa;37448;128.0;4;0.6941092110365195;0.7064449917898193;77.8;0.6377128753599342;0.5521008403361345;92.0;0.6159420289855072
bupa;95674;128.0;4;0.6263398654917969;0.6357735814632366;57.0;0.4890744549568079;0.55;80.0;0.5217391304347826
bupa;91937;128.0;4;0.6330153553122951;0.6453658091589126;94.0;0.6295228301110654;0.6226890756302521;109.0;0.6123188405797102
bupa;29155;128.0;4;0.6346603261715927;0.6488688195584749;260.6;0.639531057178116;0.5512605042016807;405.0;0.6376811594202898
bupa;82876;128.0;4;0.6528743399613848;0.6650337529647875;83.2;0.6249773755656108;0.607983193277311;94.0;0.6123188405797102
bupa;96728;128.0;4;0.6744947994423256;0.686266192300675;139.2;0.5724475524475525;0.5798319327731092;135.0;0.572463768115942
bupa;80573;128.0;4;0.6288605000198836;0.6414431673052363;113.8;0.6313410119292472;0.6365546218487395;182.0;0.6340579710144928
bupa;39750;128.0;4;0.638532904155093;0.6488414522897281;65.6;0.5325874125874126;0.5079831932773109;68.0;0.4782608695652174
bupa;13652;128.0;4;0.6351865214644119;0.6479428936325488;95.2;0.6512628547922665;0.6537815126050419;98.0;0.6086956521739131
bupa;87605;128.0;4;0.6452065658485978;0.6553776683087028;58.4;0.5290004113533524;0.5516806722689076;74.0;0.5362318840579711
bupa;1718;128.0;4;0.6529988418595218;0.6629948914431674;57.4;0.5198930481283423;0.5512605042016807;72.0;0.5217391304347826
bupa;34488;128.0;4;0.6520302167765567;0.6639299397920086;104.6;0.5987535993418346;0.5949579831932773;104.0;0.5362318840579711
bupa;41856;128.0;4;0.6797520149080032;0.692008757525999;84.6;0.629572192513369;0.6810924369747899;92.0;0.6014492753623188
bupa;78578;128.0;4;0.619592618706187;0.6298212005108558;64.2;0.5289510489510489;0.55;94.0;0.5434782608695652
bupa;37134;128.0;4;0.6689237811613021;0.6802636380222588;70.2;0.5869600987248046;0.5340336134453781;78.0;0.5362318840579711
bupa;74923;128.0;4;0.6359585261840752;0.6601988688195585;667.2;0.9674002468120115;0.5953781512605042;1152.0;0.9420289855072463
bupa;37837;128.0;4;0.6442391728058454;0.6562579821200512;69.2;0.6249938296997121;0.6647058823529413;79.0;0.572463768115942
bupa;71477;128.0;4;0.6615998054926752;0.6731983214741835;105.8;0.581460304401481;0.6525210084033614;109.0;0.5362318840579711
bupa;51869;128.0;4;0.6745885833152125;0.6849708082466702;59.8;0.5398765939942409;0.5945378151260504;74.0;0.5362318840579711
bupa;23128;128.0;4;0.649299811523332;0.6599251961320927;77.6;0.5434101192924722;0.5932773109243697;97.0;0.5362318840579711
bupa;50575;128.0;4;0.6977879197085035;0.7101213282247765;98.8;0.6259152612093788;0.6386554621848739;111.0;0.5688405797101449
bupa;42750;128.0;4;0.6486702514763852;0.6584017515051999;75.0;0.49551213492389967;0.5365546218487395;87.0;0.4746376811594203
bupa;44271;128.0;4;0.6734645601611382;0.6861612844371464;105.6;0.6421925133689841;0.565546218487395;125.0;0.6159420289855072
bupa;68520;128.0;4;0.617631769453138;0.6333926290822841;411.6;0.6413327848621966;0.5516806722689076;311.0;0.5978260869565217
bupa;13150;128.0;4;0.673845983611395;0.6848202882685641;63.2;0.5706705059646235;0.5201680672268907;77.0;0.5579710144927537
bupa;57967;128.0;4;0.6828781601442331;0.6951924831235177;132.8;0.6059728506787331;0.5487394957983194;160.0;0.5905797101449275
bupa;47079;128.0;4;0.6233302486808087;0.633242109104178;80.0;0.502690250925545;0.5785714285714285;90.0;0.4891304347826087
bupa;80300;128.0;4;0.7028347478619769;0.7152162014230979;93.8;0.6313451254627724;0.5390756302521009;112.0;0.6159420289855072
bupa;18176;128.0;4;0.6329395024750655;0.6452973909870461;89.8;0.6322665569724393;0.5789915966386554;87.0;0.5905797101449275
bupa;89597;128.0;4;0.672588381007664;0.6832147418354315;61.4;0.5524640065816537;0.565546218487395;78.0;0.5507246376811594
bupa;79959;128.0;4;0.6368313337422166;0.6479428936325489;96.4;0.5598025503907857;0.5357142857142857;99.0;0.5471014492753623
bupa;85035;128.0;4;0.6454812394728834;0.6563720124064952;64.6;0.5652817770464829;0.6222689075630252;73.0;0.5289855072463768
bupa;3786;128.0;4;0.6621535667144848;0.6745119503740193;83.4;0.6358494446729741;0.580672268907563;95.0;0.6304347826086957
bupa;19593;128.0;4;0.6583198312280462;0.670685093960956;71.0;0.6431180584121761;0.5949579831932773;88.0;0.6376811594202898
bupa;95531;128.0;4;0.6432095255489073;0.6561530742565225;180.6;0.6141505553270259;0.6084033613445379;190.0;0.6014492753623188
bupa;38297;128.0;4;0.6726868602371292;0.6847153804050355;128.8;0.5924187577128753;0.5222689075630252;169.0;0.5652173913043478
bupa;74740;128.0;4;0.6318448997915882;0.6442391899288451;98.4;0.6294981489099136;0.6218487394957983;152.0;0.6123188405797102
bupa;68043;128.0;4;0.6447768727844132;0.6554916985951469;63.6;0.5561250514191691;0.5361344537815126;80.0;0.5579710144927537
bupa;28922;128.0;4;0.6576611784173078;0.6715654077723043;279.4;0.6122912381735911;0.58109243697479;664.0;0.644927536231884
bupa;17892;128.0;4;0.6659209869683678;0.6881271665754425;439.0;0.9818922254216371;0.6521008403361345;613.0;0.9782608695652174
bupa;3325;128.0;4;0.646925806866829;0.6564951651158547;60.6;0.49456190867955574;0.6096638655462185;67.0;0.4855072463768116
bupa;70134;128.0;4;0.666304555724919;0.6885422368180988;434.0;0.9864088852324147;0.5949579831932773;616.0;0.9818840579710145
bupa;32325;128.0;4;0.6328547729083491;0.6443805874840358;77.2;0.5933360756890169;0.5218487394957982;105.0;0.5760869565217391
bupa;15431;128.0;4;0.6217377333032372;0.63470625798212;93.4;0.6639736733854381;0.6815126050420168;122.0;0.6884057971014492
bupa;48499;128.0;4;0.6866178133942047;0.6993796752417443;89.2;0.6548992184286302;0.5932773109243697;118.0;0.644927536231884
bupa;35634;128.0;4;0.6452827777752816;0.6554643313264004;62.8;0.5271328671328671;0.5491596638655463;77.0;0.5362318840579711
bupa;75916;128.0;4;0.688560417328276;0.7005519065863893;94.2;0.6095968737145208;0.6260504201680672;119.0;0.6195652173913043
bupa;52306;128.0;4;0.7172618954131874;0.7288952745849298;66.8;0.6050514191690662;0.49411764705882355;81.0;0.5869565217391305
bupa;57556;128.0;4;0.6518808608279681;0.6635331143951834;71.8;0.6033155080213904;0.5928571428571429;87.0;0.5869565217391305
bupa;71476;128.0;4;0.6258552532488726;0.6483397190293742;463.4;0.9836980666392432;0.6378151260504201;575.0;0.9782608695652174
bupa;46810;128.0;4;0.6620884579314555;0.67465334792921;121.8;0.6259152612093788;0.5953781512605042;205.0;0.6231884057971014
bupa;63495;128.0;4;0.6594753557336236;0.6706577266922094;64.4;0.581489099136158;0.5495798319327732;72.0;0.5217391304347826
bupa;54551;128.0;4;0.6880219081554076;0.69861339171684;61.0;0.5507610037021802;0.49201680672268905;70.0;0.5072463768115942
bupa;10070;128.0;4;0.6340624370950018;0.6445995256340085;62.2;0.5470917317976142;0.6096638655462185;72.0;0.5072463768115942
bupa;59520;128.0;4;0.6419476513481717;0.6533023170954205;65.2;0.5905553270259153;0.6088235294117648;76.0;0.5507246376811594
bupa;71675;128.0;4;0.6557519109365612;0.6659414340448823;79.8;0.5181283422459892;0.6100840336134454;131.0;0.5289855072463768
bupa;49870;128.0;4;0.6948315875639712;0.7066639299397919;101.2;0.5969230769230769;0.5798319327731092;126.0;0.5579710144927537
bupa;98297;128.0;4;0.6406598659944414;0.6530833789454479;173.0;0.5896668037844508;0.5789915966386554;278.0;0.5760869565217391
bupa;87498;128.0;3;0.6876928141749774;0.6991060025542783;71.0;0.5905635540929659;0.6247899159663866;94.0;0.5797101449275363
bupa;19822;128.0;3;0.6394327791214642;0.6521483305966065;117.2;0.6367873303167422;0.6815126050420168;108.0;0.5760869565217391
bupa;37448;128.0;3;0.6794450402661003;0.6920178799489144;134.0;0.6195763060468943;0.523109243697479;172.0;0.6159420289855072
bupa;95674;128.0;3;0.6381273702649045;0.6603493887976647;430.8;0.987322089675031;0.7092436974789916;645.0;0.9818840579710145
bupa;91937;128.0;3;0.6303868190836839;0.6432220397737639;78.6;0.6648375154257506;0.6109243697478991;89.0;0.644927536231884
bupa;29155;128.0;3;0.6360458155780715;0.6493887976646597;109.4;0.6757548334018922;0.611344537815126;130.0;0.6666666666666666
bupa;82876;128.0;3;0.6659035024400136;0.6787356321839081;106.0;0.6494446729740847;0.6239495798319328;124.0;0.6413043478260869
bupa;96728;128.0;3;0.6595896059596562;0.6711777047983944;91.6;0.5887741670094612;0.6088235294117648;149.0;0.5869565217391305
bupa;80573;128.0;3;0.6214245848246863;0.6348020434227332;121.0;0.671213492389963;0.6239495798319328;148.0;0.6630434782608695
bupa;39750;128.0;3;0.6305992149425211;0.6407635467980295;61.0;0.5271822295351708;0.6386554621848739;73.0;0.5217391304347826
bupa;13652;128.0;3;0.6511356221223713;0.6640622149242839;81.0;0.6685479226655697;0.6516806722689076;89.0;0.6304347826086957
bupa;87605;128.0;3;0.6550204774394517;0.6676336434957124;82.6;0.6503578774167009;0.5382352941176471;112.0;0.6666666666666666
bupa;1718;128.0;3;0.6560813965148562;0.6783296843641671;422.0;0.9936610448375156;0.6525210084033614;505.0;0.9927536231884058
bupa;34488;128.0;3;0.6692777280011604;0.6820607553366174;107.6;0.6458453311394489;0.5378151260504201;113.0;0.6123188405797102
bupa;41856;128.0;3;0.668223089142813;0.681663929939792;130.6;0.66937885643768;0.6357142857142857;128.0;0.6485507246376812
bupa;78578;128.0;3;0.6211944355884519;0.6310709724502829;61.8;0.5108515014397368;0.47773109243697476;83.0;0.5579710144927537
bupa;37134;128.0;3;0.6732808672669991;0.6842227695675971;66.6;0.5669930069930069;0.49201680672268905;76.0;0.5289855072463768
bupa;74923;128.0;3;0.6314072929729072;0.641196861886517;79.2;0.4963842040312628;0.5936974789915966;91.0;0.5036231884057971
bupa;37837;128.0;3;0.6320106505229752;0.6446177704798395;116.2;0.6313574660633484;0.5651260504201681;146.0;0.6304347826086957
bupa;71477;128.0;3;0.6687249979281903;0.6798303229337711;66.4;0.576125051419169;0.607983193277311;81.0;0.5797101449275363
bupa;51869;128.0;3;0.6695847799290563;0.6802089034847655;61.0;0.5525627313862609;0.5802521008403361;78.0;0.5652173913043478
bupa;23128;128.0;3;0.6712369329812446;0.6815134099616859;77.0;0.5244837515425751;0.47773109243697476;84.0;0.5217391304347826
bupa;50575;128.0;3;0.6817282708961869;0.6935778142674695;80.0;0.6096503496503497;0.5949579831932773;110.0;0.605072463768116
bupa;42750;128.0;3;0.6440765700796347;0.6659414340448823;400.2;0.9846071575483339;0.5798319327731092;506.0;0.9746376811594203
bupa;44271;128.0;3;0.6536753631690355;0.6752964787447546;366.2;0.9900411353352532;0.6222689075630252;482.0;0.9891304347826086
bupa;68520;128.0;3;0.6353350622268735;0.6480842911877394;79.8;0.6594241053064582;0.6974789915966386;91.0;0.644927536231884
bupa;13150;128.0;3;0.6805324935302225;0.6933041415800035;113.0;0.6422171945701357;0.5802521008403361;124.0;0.6195652173913043
bupa;57967;128.0;3;0.6714835545350802;0.6824119686188652;120.6;0.536248457424928;0.5647058823529412;136.0;0.5181159420289855
bupa;47079;128.0;3;0.6251002174709072;0.6385057471264368;187.4;0.6358741258741258;0.5798319327731092;240.0;0.6268115942028986
bupa;80300;128.0;3;0.6918790688599533;0.7040001824484582;102.2;0.6123076923076922;0.5369747899159664;110.0;0.5833333333333334
bupa;18176;128.0;3;0.6451586022134571;0.6553594234628717;72.8;0.5226408885232414;0.5508403361344538;90.0;0.5072463768115942
bupa;89597;128.0;3;0.673979272341231;0.6856139390622149;71.8;0.6023447141094199;0.5369747899159664;72.0;0.5217391304347826
bupa;79959;128.0;3;0.6352801921044272;0.6451377485860246;283.2;0.3868037844508433;0.4197478991596638;147.0;0.38768115942028986
bupa;85035;128.0;3;0.6522917811333898;0.6635331143951835;104.4;0.5625215960510077;0.5802521008403361;108.0;0.5507246376811594
bupa;3786;128.0;3;0.6628824956690068;0.6745028279511038;83.4;0.5951090086384204;0.5369747899159664;89.0;0.5688405797101449
bupa;19593;128.0;3;0.6658010488595196;0.6787538770297391;100.0;0.6594405594405595;0.6533613445378151;106.0;0.6485507246376812
bupa;95531;128.0;3;0.6369597545353785;0.6495119503740193;115.6;0.6286589880707527;0.5638655462184874;122.0;0.6086956521739131
bupa;38297;128.0;3;0.66046409749018;0.6729520160554643;159.8;0.6005553270259154;0.5794117647058823;156.0;0.5652173913043478
bupa;74740;128.0;3;0.6380497025691709;0.659573982849845;358.2;0.9891402714932127;0.6533613445378151;452.0;0.9855072463768116
bupa;68043;128.0;3;0.644071564428849;0.655623973727422;75.0;0.596026326614562;0.5508403361344538;94.0;0.572463768115942
bupa;28922;128.0;3;0.6682213685301479;0.6816365626710453;199.8;0.6295187165775401;0.5659663865546218;411.0;0.6231884057971014
bupa;17892;128.0;3;0.6773309235643877;0.6988961868272213;357.4;0.991846976552859;0.6100840336134454;463.0;0.9891304347826086
bupa;3325;128.0;3;0.6355360803336816;0.6481983214741835;74.4;0.6576223776223775;0.6537815126050419;89.0;0.6304347826086957
bupa;70134;128.0;3;0.6642857550333958;0.6780058383506659;98.0;0.7029041546688605;0.5668067226890756;133.0;0.7101449275362319
bupa;32325;128.0;3;0.6510044481931332;0.6633917168399927;76.4;0.6413327848621966;0.7243697478991598;98.0;0.6666666666666666
bupa;15431;128.0;3;0.6278297910227533;0.6409414340448822;102.8;0.6666515837104072;0.665546218487395;91.0;0.644927536231884
bupa;48499;128.0;3;0.6667217782772505;0.6788496624703522;99.6;0.6141258741258742;0.6100840336134454;132.0;0.6304347826086957
bupa;35634;128.0;3;0.6485997513223238;0.6604816639299398;68.6;0.6177704648292884;0.6084033613445379;77.0;0.5579710144927537
bupa;75916;128.0;3;0.6753454707184092;0.6886653895274585;118.6;0.6693706293706294;0.5819327731092437;136.0;0.6594202898550725
bupa;52306;128.0;3;0.69729827748855;0.7086024448093413;71.6;0.5842122583299054;0.6100840336134454;84.0;0.5362318840579711
bupa;57556;128.0;3;0.6548287834015191;0.6682676518883415;122.2;0.6739366515837104;0.5928571428571429;120.0;0.6376811594202898
bupa;71476;128.0;3;0.6395849983594714;0.6530833789454479;133.0;0.6712217194570137;0.6966386554621848;144.0;0.644927536231884
bupa;46810;128.0;3;0.6512548515478669;0.6643267651888343;118.4;0.6557918552036199;0.6105042016806723;133.0;0.6413043478260869
bupa;63495;128.0;3;0.6548237035401908;0.6677294289363255;116.6;0.6476182640888524;0.6373949579831932;157.0;0.6376811594202898
bupa;54551;128.0;3;0.6723409806265437;0.6856413063309614;84.0;0.6875113122171945;0.5815126050420169;107.0;0.6739130434782609
bupa;10070;128.0;3;0.6261702654178841;0.6364167122787812;59.4;0.5326038667215137;0.5516806722689076;69.0;0.4855072463768116
bupa;59520;128.0;3;0.6524290378879629;0.6637702973909871;85.0;0.578815302344714;0.5084033613445378;98.0;0.5869565217391305
bupa;71675;128.0;3;0.6648476738105452;0.6784619594964422;265.2;0.6041752365281776;0.44957983193277307;312.0;0.5797101449275363
bupa;49870;128.0;3;0.6910689191913286;0.702695675971538;105.2;0.5833525298231181;0.5504201680672269;100.0;0.5471014492753623
bupa;98297;128.0;3;0.6503955892084254;0.6634008392629083;198.2;0.6077786918963389;0.6508403361344538;203.0;0.5833333333333334
bupa;87498;128.0;5;0.6657239128170207;0.677175697865353;87.8;0.5833607568901686;0.5525210084033614;103.0;0.5797101449275363
bupa;19822;128.0;5;0.6513939072371253;0.6617086298120781;63.0;0.534372686137392;0.4331932773109244;75.0;0.5144927536231884
bupa;37448;128.0;5;0.6802506052209509;0.6927841634738187;95.8;0.6386301933360757;0.6096638655462185;129.0;0.6231884057971014
bupa;95674;128.0;5;0.6300951628535632;0.6400337529647875;92.4;0.49727684080625256;0.5794117647058823;105.0;0.463768115942029
bupa;91937;128.0;5;0.6333834306133451;0.6456394818463784;115.6;0.6123118058412176;0.6239495798319328;179.0;0.6159420289855072
bupa;29155;128.0;5;0.6320628949773937;0.64514687100894;188.0;0.6177910324969148;0.5945378151260504;214.0;0.6231884057971014
bupa;82876;128.0;5;0.6427342394305973;0.6562488596971356;77.6;0.70289592760181;0.5647058823529412;90.0;0.6521739130434783
bupa;96728;128.0;5;0.6511461378875834;0.6623608830505382;144.2;0.5389428218839983;0.565546218487395;108.0;0.5
bupa;80573;128.0;5;0.6345592717702251;0.6453931764276591;62.4;0.563364870423694;0.5205882352941176;72.0;0.5144927536231884
bupa;39750;128.0;5;0.6349873299060839;0.6449963510308339;58.6;0.5199424105306458;0.5508403361344538;68.0;0.4855072463768116
bupa;13652;128.0;5;0.6151346228064853;0.6255975187009669;87.4;0.5289962978198273;0.6529411764705882;82.0;0.5
bupa;87605;128.0;5;0.6446581366873059;0.6549534756431308;61.0;0.534413821472645;0.5516806722689076;74.0;0.5217391304347826
bupa;1718;128.0;5;0.6677571959239215;0.6780560116767014;72.8;0.5280501851090087;0.5802521008403361;105.0;0.5
bupa;34488;128.0;5;0.6664588838655114;0.6778553183725597;92.2;0.5778609625668449;0.5794117647058823;119.0;0.5688405797101449
bupa;41856;128.0;5;0.6632281960917643;0.6743979200875753;69.6;0.5779020979020979;0.5218487394957982;94.0;0.5579710144927537
bupa;78578;128.0;5;0.6074400293446285;0.6192483123517606;67.8;0.6141505553270259;0.6373949579831932;82.0;0.5942028985507246
bupa;37134;128.0;5;0.6736439405678316;0.6844690749863164;68.0;0.5597696421225832;0.49117647058823527;75.0;0.5144927536231884
bupa;74923;128.0;5;0.6166500002000267;0.6387429301222405;408.2;0.9927519539284246;0.5516806722689076;497.0;0.9891304347826086
bupa;37837;128.0;5;0.6459947156073357;0.6584199963510308;240.0;0.5525421637186343;0.580672268907563;204.0;0.532608695652174
bupa;71477;128.0;5;0.6663059154452797;0.6762680167852583;65.4;0.5135746606334841;0.5063025210084033;78.0;0.4963768115942029
bupa;51869;128.0;5;0.681695447451687;0.6923417259624156;84.4;0.540785684903332;0.580672268907563;102.0;0.5543478260869565
bupa;23128;128.0;5;0.6633272404903501;0.6743705528188286;63.6;0.5742575071986836;0.5222689075630252;74.0;0.5362318840579711
bupa;50575;128.0;5;0.6813812691743947;0.6914522897281518;58.2;0.5235870012340601;0.4789915966386554;68.0;0.4927536231884058
bupa;42750;128.0;5;0.6619547351959822;0.6727148330596606;90.8;0.5435129576306046;0.5365546218487395;126.0;0.5108695652173914
bupa;44271;128.0;5;0.6486837153098508;0.659168035030104;60.2;0.5452900041135335;0.5630252100840336;81.0;0.572463768115942
bupa;68520;128.0;5;0.6348033335783577;0.6581554460864805;572.4;0.9710366104483752;0.7252100840336134;954.0;0.9782608695652174
bupa;13150;128.0;5;0.6772069729509761;0.6881545338441891;83.4;0.5579720279720279;0.49201680672268905;87.0;0.5108695652173914
bupa;57967;128.0;5;0.6774163933806538;0.6891853676336435;77.0;0.606869600987248;0.6222689075630252;92.0;0.6014492753623188
bupa;47079;128.0;5;0.6284702127048234;0.6385148695493523;62.2;0.5199095022624434;0.5932773109243697;81.0;0.47101449275362317
bupa;80300;128.0;5;0.689057491990621;0.7006568144499179;66.6;0.603282599753188;0.47941176470588237;84.0;0.6086956521739131
bupa;18176;128.0;5;0.646126135984589;0.6562762269658821;167.2;0.4673961332784863;0.580672268907563;177.0;0.43478260869565216
bupa;89597;128.0;5;0.6788660231295164;0.6891853676336435;63.4;0.5344055944055944;0.5647058823529412;77.0;0.5217391304347826
bupa;79959;128.0;5;0.637209231559483;0.647555190658639;66.0;0.5344302756067462;0.5773109243697478;86.0;0.5253623188405797
bupa;85035;128.0;5;0.6532051024716823;0.6647053457398284;92.6;0.5833689839572193;0.5936974789915966;105.0;0.5905797101449275
bupa;3786;128.0;5;0.665647722002449;0.6773170954205436;67.0;0.6069271904566023;0.5663865546218487;84.0;0.6086956521739131
bupa;19593;128.0;5;0.6560494260388431;0.6661877394636015;58.4;0.5271904566022212;0.65;75.0;0.5434782608695652
bupa;95531;128.0;5;0.6437914547783143;0.6566639299397921;113.2;0.6476717400246812;0.6966386554621848;132.0;0.6231884057971014
bupa;38297;128.0;5;0.6661045749912714;0.677581645685094;165.4;0.5416454134101193;0.5214285714285714;195.0;0.5181159420289855
bupa;74740;128.0;5;0.6338105778692471;0.6460454296661193;89.0;0.6259193747429042;0.5798319327731092;118.0;0.6268115942028986
bupa;68043;128.0;5;0.6433944396620779;0.6570151432220398;285.4;0.5933072809543398;0.5365546218487395;352.0;0.5869565217391305
bupa;28922;128.0;5;0.653091607358518;0.6655263638022259;188.8;0.5815096668037845;0.5915966386554622;358.0;0.5760869565217391
bupa;17892;128.0;5;0.6826113049477103;0.705509943440978;496.4;0.9882270670505966;0.5651260504201681;845.0;0.9818840579710145
bupa;3325;128.0;5;0.6464639716030933;0.6559569421638388;59.6;0.4909008638420403;0.5663865546218487;67.0;0.4782608695652174
bupa;70134;128.0;5;0.6662130794311762;0.6786033570516329;83.2;0.6377211024269848;0.580672268907563;85.0;0.5797101449275363
bupa;32325;128.0;5;0.6409588045735413;0.6512406495165115;59.6;0.5344467297408473;0.5651260504201681;70.0;0.5
bupa;15431;128.0;5;0.6271242268419048;0.6378808611567233;118.2;0.5280995475113123;0.5936974789915966;141.0;0.5434782608695652
bupa;48499;128.0;5;0.6806503020975195;0.6935686918445538;259.6;0.5688728918140683;0.44957983193277307;284.0;0.5579710144927537
bupa;35634;128.0;5;0.6569311977769515;0.6672094508301406;74.0;0.526248457424928;0.565546218487395;91.0;0.5579710144927537
bupa;75916;128.0;5;0.6775667477861234;0.6889208173690932;65.2;0.5905224187577128;0.49327731092436977;82.0;0.5942028985507246
bupa;52306;128.0;5;0.7002007181280044;0.711284437146506;67.6;0.5742657342657344;0.5226890756302521;83.0;0.5797101449275363
bupa;57556;128.0;5;0.6370706370409827;0.6589217296113847;385.8;0.991846976552859;0.6495798319327731;484.0;0.9891304347826086
bupa;71476;128.0;5;0.637732837041418;0.6492656449553001;146.4;0.5552776635129575;0.5504201680672269;126.0;0.5362318840579711
bupa;46810;128.0;5;0.6463881450540326;0.65970625798212;312.4;0.5616042780748662;0.5222689075630252;462.0;0.5289855072463768
bupa;63495;128.0;5;0.6750763646876621;0.6859560299215473;63.6;0.5652241875771287;0.5058823529411764;75.0;0.5434782608695652
bupa;54551;128.0;5;0.6787079783108975;0.6887018792191206;60.4;0.5181077745783628;0.5201680672268907;77.0;0.5144927536231884
bupa;10070;128.0;5;0.6300514375116413;0.6404898741105638;65.4;0.5398683669271904;0.49243697478991594;80.0;0.5289855072463768
bupa;59520;128.0;5;0.6659815188159839;0.6778097062579821;123.6;0.5842492801316331;0.5794117647058823;121.0;0.572463768115942
bupa;71675;128.0;5;0.6619157608624272;0.6748722860791826;327.0;0.5335335252982312;0.565546218487395;293.0;0.5
bupa;49870;128.0;5;0.6887133851733904;0.6997856230614851;66.4;0.5742986425339367;0.5504201680672269;78.0;0.5507246376811594
bupa;98297;128.0;5;0.6467790897160771;0.6587803320561941;74.0;0.6213574660633484;0.5953781512605042;87.0;0.5942028985507246
bupa;87498;0.03125;4;0.6433698987039228;0.6649425287356321;372.8;0.9836980666392432;0.6407563025210083;495.0;0.9782608695652174
bupa;19822;0.03125;4;0.6376006700393771;0.6527321656632001;96.4;0.7817030028794735;0.5331932773109244;123.0;0.7246376811594203
bupa;37448;0.03125;4;0.64254511991603;0.6591589126071884;98.6;0.8623035787741671;0.5348739495798319;118.0;0.8260869565217391
bupa;95674;0.03125;4;0.6303950454246997;0.6475597518700967;112.6;0.8849362402303578;0.665546218487395;133.0;0.8586956521739131
bupa;91937;0.03125;4;0.6294326290117366;0.6475779967159279;123.6;0.9329576306046894;0.6394957983193277;148.0;0.9094202898550725
bupa;29155;0.03125;4;0.6338063435651407;0.6541142127349024;229.2;0.9936610448375154;0.6096638655462185;298.0;0.9891304347826086
bupa;82876;0.03125;4;0.6319899560807049;0.6509487319832148;181.6;0.9456355409296586;0.638235294117647;237.0;0.9239130434782609
bupa;96728;0.03125;4;0.6562118566010002;0.6691069147965699;78.0;0.6684738790621145;0.5920168067226891;97.0;0.6159420289855072
bupa;80573;0.03125;4;0.6239880209949219;0.6410737091771574;142.2;0.8641299876593994;0.6222689075630252;198.0;0.8405797101449275
bupa;39750;0.03125;4;0.6199746098544493;0.6404533844189017;236.4;0.9990950226244344;0.66890756302521;304.0;0.9963768115942029
bupa;13652;0.03125;4;0.6396143501789944;0.6528097062579822;163.2;0.6377169888934595;0.5218487394957982;115.0;0.5797101449275363
bupa;87605;0.03125;4;0.6592073354430044;0.6771209633278599;146.2;0.9076100370218019;0.6978991596638655;197.0;0.9021739130434783
bupa;1718;0.03125;4;0.6316100977982537;0.6489828498449188;108.8;0.8985314685314686;0.5789915966386554;137.0;0.8876811594202898
bupa;34488;0.03125;4;0.6511695441961558;0.6720169677066228;271.4;1.0;0.5815126050420169;349.0;1.0
bupa;41856;0.03125;4;0.6391796644510728;0.6523535851122058;79.6;0.682978198272316;0.5478991596638656;99.0;0.644927536231884
bupa;78578;0.03125;4;0.6082095770484297;0.6230934136106551;89.8;0.7716988893459481;0.5327731092436975;113.0;0.7681159420289855
bupa;37134;0.03125;4;0.663098512915847;0.6770799124247401;91.4;0.7209954751131221;0.5642857142857143;83.0;0.6014492753623188
bupa;74923;0.03125;4;0.6381394465357999;0.6563172778690021;117.0;0.93841628959276;0.6987394957983193;144.0;0.927536231884058
bupa;37837;0.03125;4;0.6401708593893751;0.6594052180259077;147.0;0.98006993006993;0.6693277310924369;192.0;0.9782608695652174
bupa;71477;0.03125;4;0.6543589371965993;0.6733123517606276;200.6;0.9347840394899218;0.6239495798319328;275.0;0.9202898550724637
bupa;51869;0.03125;4;0.6457296410355543;0.6615581098339719;92.2;0.822509255450432;0.6235294117647059;105.0;0.7463768115942029
bupa;23128;0.03125;4;0.646517250918102;0.6682767743112571;371.8;0.9945701357466064;0.5508403361344538;503.0;0.9927536231884058
bupa;50575;0.03125;4;0.6690045067686394;0.6890530925013684;276.8;0.9529041546688607;0.5516806722689076;371.0;0.9456521739130435
bupa;42750;0.03125;4;0.6520922369057124;0.6685595694216383;128.0;0.8378856437679968;0.5394957983193277;156.0;0.8297101449275363
bupa;44271;0.03125;4;0.6550151386773884;0.6735586571793467;156.6;0.9366022213081038;0.6823529411764706;198.0;0.927536231884058
bupa;68520;0.03125;4;0.6165069785907161;0.637114577631819;249.2;0.9990950226244344;0.7109243697478991;312.0;1.0
bupa;13150;0.03125;4;0.6494505975442346;0.6614258347016968;74.6;0.6195886466474702;0.534453781512605;84.0;0.5797101449275363
bupa;57967;0.03125;4;0.6458278863309069;0.662789636927568;121.8;0.8686219662690252;0.5936974789915966;126.0;0.8043478260869565
bupa;47079;0.03125;4;0.6421293525494732;0.6588396278051449;129.4;0.8505183052241876;0.7109243697478991;149.0;0.8369565217391305
bupa;80300;0.03125;4;0.6665604620642543;0.682165663200146;109.2;0.8007404360345538;0.5663865546218487;132.0;0.75
bupa;18176;0.03125;4;0.6200514250018174;0.6384875022806057;106.8;0.9583381324557795;0.5831932773109243;134.0;0.9420289855072463
bupa;89597;0.03125;4;0.6519351219907926;0.6695539135194307;120.2;0.905779514603044;0.496218487394958;141.0;0.855072463768116
bupa;79959;0.03125;4;0.6477470759333137;0.6653849662470352;107.4;0.9139448786507609;0.5243697478991597;139.0;0.894927536231884
bupa;85035;0.03125;4;0.6430832394121706;0.6593094325852947;112.2;0.833352529823118;0.5638655462184874;125.0;0.8043478260869565
bupa;3786;0.03125;4;0.6560177074357116;0.6705163291370188;103.4;0.7428794734677087;0.49159663865546216;146.0;0.6159420289855072
bupa;19593;0.03125;4;0.6557760475871641;0.6719622331691297;150.6;0.8098107774578363;0.5819327731092437;129.0;0.7391304347826086
bupa;95531;0.03125;4;0.6143245750682473;0.6323070607553366;182.4;0.8912998765939942;0.6957983193277311;206.0;0.8695652173913043
bupa;38297;0.03125;4;0.6309103732904332;0.6501277139208174;140.4;0.9827972027972027;0.6088235294117648;183.0;0.9746376811594203
bupa;74740;0.03125;4;0.6385375818257907;0.6580824667031564;164.8;0.9873220896750308;0.6542016806722688;202.0;0.9818840579710145
bupa;68043;0.03125;4;0.6350792451612629;0.6518929027549717;116.8;0.8632250102838338;0.5794117647058823;132.0;0.8369565217391305
bupa;28922;0.03125;4;0.6390980838154311;0.6607370917715746;368.0;0.9900287947346772;0.7264705882352941;450.0;0.9855072463768116
bupa;17892;0.03125;4;0.6512410734718699;0.6679346834519249;100.0;0.86593171534348;0.4752100840336134;109.0;0.782608695652174
bupa;3325;0.03125;4;0.6512875902380048;0.6673782156540777;108.6;0.8278691896338953;0.6239495798319328;128.0;0.8007246376811594
bupa;70134;0.03125;4;0.6352149038358139;0.6534710819193578;105.2;0.9492965857671741;0.49495798319327733;130.0;0.9347826086956522
bupa;32325;0.03125;4;0.6377869137506231;0.6551450465243569;123.6;0.889502262443439;0.6403361344537815;152.0;0.8804347826086957
bupa;15431;0.03125;4;0.6176823221690494;0.6364942528735632;136.0;0.9628630193336075;0.6672268907563026;174.0;0.9492753623188406
bupa;48499;0.03125;4;0.645492281185023;0.6623517606276227;114.8;0.8668654874537228;0.4928571428571429;150.0;0.8478260869565217
bupa;35634;0.03125;4;0.6114088249021885;0.6288952745849298;103.8;0.90758535582065;0.6071428571428572;127.0;0.8840579710144928
bupa;75916;0.03125;4;0.6329380276578003;0.6515462506841818;107.6;0.9673961332784863;0.5689075630252101;134.0;0.9565217391304348
bupa;52306;0.03125;4;0.6559467476975636;0.6706759715380406;94.0;0.7608309337721102;0.5659663865546218;115.0;0.717391304347826
bupa;57556;0.03125;4;0.6264898464788227;0.6443258529465427;135.2;0.9094364459070341;0.7092436974789916;188.0;0.894927536231884
bupa;71476;0.03125;4;0.6319656988634632;0.6440795475278234;75.4;0.6267955573837927;0.5932773109243697;83.0;0.5869565217391305
bupa;46810;0.03125;4;0.6495813480524434;0.6662059843094326;107.8;0.8577910324969148;0.6243697478991597;123.0;0.8115942028985508
bupa;63495;0.03125;4;0.6342813996120064;0.6523581463236635;126.6;0.9275030851501441;0.596218487394958;149.0;0.9057971014492754
bupa;54551;0.03125;4;0.6632865479628862;0.6810207991242474;108.8;0.9184862196626902;0.5373949579831933;134.0;0.8985507246376812
bupa;10070;0.03125;4;0.603693325473134;0.6171227878124429;82.2;0.695639654463184;0.5651260504201681;98.0;0.644927536231884
bupa;59520;0.03125;4;0.6485813215048597;0.6654716292647327;253.2;0.7916783216783216;0.4928571428571429;341.0;0.7246376811594203
bupa;71675;0.03125;4;0.6425683952650617;0.6616447728516694;147.6;0.9710160427807487;0.5525210084033614;199.0;0.9601449275362319
bupa;49870;0.03125;4;0.6619033183151493;0.6779419813902573;103.4;0.827889757301522;0.565546218487395;130.0;0.8007246376811594
bupa;98297;0.03125;4;0.6382609239280904;0.6550766283524905;107.2;0.8686713286713287;0.723529411764706;129.0;0.8369565217391305
bupa;87498;0.03125;3;0.6579864312618524;0.6775269111476009;144.8;0.9981900452488688;0.611764705882353;178.0;0.9963768115942029
bupa;19822;0.03125;3;0.6363905841841507;0.6487639116949463;75.0;0.6413410119292473;0.5777310924369747;91.0;0.5942028985507246
bupa;37448;0.03125;3;0.648380035850161;0.6702791461412151;392.2;0.9909419991772934;0.6235294117647059;495.0;0.9891304347826086
bupa;95674;0.03125;3;0.6433193195489254;0.6610107644590404;137.2;0.900345536816125;0.6512605042016807;172.0;0.9021739130434783
bupa;91937;0.03125;3;0.6350024854331892;0.6509852216748768;94.6;0.8296914849856026;0.6525210084033614;121.0;0.7608695652173914
bupa;29155;0.03125;3;0.6206741836488727;0.6402070790001824;184.8;0.9755491567256274;0.6109243697478991;229.0;0.9746376811594203
bupa;82876;0.03125;3;0.6370674166566661;0.6547664659733625;120.0;0.9103208556149733;0.6239495798319328;164.0;0.894927536231884
bupa;96728;0.03125;3;0.6402626271126579;0.6540184272942893;85.2;0.711986836692719;0.5340336134453781;103.0;0.7028985507246377
bupa;80573;0.03125;3;0.6168349522587109;0.6342729428936325;134.8;0.8876881941587824;0.6836134453781513;168.0;0.8768115942028986
bupa;39750;0.03125;3;0.6133130862712396;0.6294471811713191;96.4;0.8370464829288359;0.5365546218487395;100.0;0.7028985507246377
bupa;13652;0.03125;3;0.6278706605191525;0.6445630359423463;161.8;0.8315302344714108;0.6407563025210083;264.0;0.8333333333333334
bupa;87605;0.03125;3;0.6477469258154284;0.6617268746579091;101.0;0.7155820649938297;0.49201680672268905;116.0;0.6811594202898551
bupa;1718;0.03125;3;0.6405613251662287;0.6593687283342456;158.4;0.9501686548745372;0.6680672268907563;201.0;0.9601449275362319
bupa;34488;0.03125;3;0.6565693999478945;0.6740193395365809;105.0;0.9049033319621553;0.523109243697479;127.0;0.8768115942028986
bupa;41856;0.03125;3;0.6346878264678555;0.6535166940339353;123.0;0.971020156314274;0.6823529411764706;151.0;0.967391304347826
bupa;78578;0.03125;3;0.6217531471355662;0.6350848385331144;82.2;0.6902426984779927;0.5336134453781513;101.0;0.6521739130434783
bupa;37134;0.03125;3;0.6363050335455309;0.6511448640758986;98.4;0.7644919786096256;0.5495798319327732;106.0;0.7101449275362319
bupa;74923;0.03125;3;0.6428712323327148;0.6620507206714104;177.4;0.9601522007404361;0.7273109243697479;230.0;0.9565217391304348
bupa;37837;0.03125;3;0.6378817838041535;0.6563537675606641;121.8;0.9519868366927191;0.6546218487394958;146.0;0.9384057971014492
bupa;71477;0.03125;3;0.6374937692185685;0.6559569421638386;135.6;0.9438338132455779;0.6247899159663866;169.0;0.9347826086956522
bupa;51869;0.03125;3;0.6239658698373091;0.6404989965334792;198.2;0.8025174825174824;0.5533613445378152;196.0;0.7644927536231884
bupa;23128;0.03125;3;0.6534675803841955;0.6698458310527275;138.8;0.8269683257918553;0.5243697478991597;168.0;0.8188405797101449
bupa;50575;0.03125;3;0.6429329931777237;0.6595374931581828;140.0;0.8387906211435624;0.5390756302521009;216.0;0.8333333333333334
bupa;42750;0.03125;3;0.6398309266235229;0.6549534756431308;131.4;0.7617647058823529;0.5357142857142857;158.0;0.7282608695652174
bupa;44271;0.03125;3;0.6505716801677645;0.6713373471994162;323.6;0.9664870423693953;0.6508403361344538;664.0;0.9637681159420289
bupa;68520;0.03125;3;0.6044381389670878;0.6246442255062945;214.2;0.9963759769642124;0.7407563025210084;292.0;0.9963768115942029
bupa;13150;0.03125;3;0.6494453335229639;0.6695721583652618;221.0;0.9882229535170712;0.6243697478991597;291.0;0.9818840579710145
bupa;57967;0.03125;3;0.6310396596801924;0.6434546615581098;97.2;0.6313081036610448;0.49075630252100844;108.0;0.6594202898550725
bupa;47079;0.03125;3;0.6268649990240297;0.6450647692027002;106.2;0.9456273138626081;0.5974789915966386;135.0;0.9347826086956522
bupa;80300;0.03125;3;0.6866348576599701;0.7026865535486225;101.4;0.8297202797202796;0.507563025210084;129.0;0.7971014492753623
bupa;18176;0.03125;3;0.6406167654299104;0.6584792920999818;115.0;0.9221225832990539;0.5953781512605042;146.0;0.9021739130434783
bupa;89597;0.03125;3;0.6530302525423348;0.6736453201970444;253.2;0.9972850678733032;0.5394957983193277;322.0;0.9963768115942029
bupa;79959;0.03125;3;0.6426372437063415;0.6612205801860974;108.4;0.9655779514603043;0.5399159663865546;134.0;0.9492753623188406
bupa;85035;0.03125;3;0.6288967350813633;0.6453840540047436;131.6;0.8369888934594816;0.5672268907563025;158.0;0.8297101449275363
bupa;3786;0.03125;3;0.6280546726279375;0.6444490056559022;153.4;0.8197449609214316;0.6121848739495799;236.0;0.8152173913043478
bupa;19593;0.03125;3;0.6493193440366912;0.6707900018244846;348.0;0.991846976552859;0.6651260504201681;410.0;0.9891304347826086
bupa;95531;0.03125;3;0.5929697653336202;0.6116174055829229;124.6;0.9601275195392842;0.7105042016806723;146.0;0.9456521739130435
bupa;38297;0.03125;3;0.6366580592145014;0.6508347016967705;91.2;0.7318839983545866;0.47857142857142854;104.0;0.7028985507246377
bupa;74740;0.03125;3;0.6629470569769538;0.6824210910417807;169.2;0.9809666803784453;0.6827731092436975;222.0;0.9637681159420289
bupa;68043;0.03125;3;0.6141568829443642;0.6291598248494801;95.0;0.7753846153846153;0.6495798319327731;121.0;0.7246376811594203
bupa;28922;0.03125;3;0.6354272154134356;0.6526956759715381;153.8;0.8677745783628137;0.6222689075630252;183.0;0.8442028985507246
bupa;17892;0.03125;3;0.6155211422458314;0.6333287721218757;121.0;0.9157589469354175;0.66890756302521;154.0;0.9057971014492754
bupa;3325;0.03125;3;0.6571918482966635;0.6760810071154899;160.0;0.953792677910325;0.6390756302521008;204.0;0.9384057971014492
bupa;70134;0.03125;3;0.6486256429825087;0.6654305783616129;98.0;0.8731879884821062;0.5815126050420169;124.0;0.8623188405797102
bupa;32325;0.03125;3;0.6436939098209933;0.6616538952745848;129.6;0.9193911970382558;0.6836134453781513;154.0;0.9057971014492754
bupa;15431;0.03125;3;0.6320616554076295;0.6501642036124795;112.8;0.936593994241053;0.6810924369747899;134.0;0.9130434782608695
bupa;48499;0.03125;3;0.6690166011985617;0.6877029739098705;138.2;0.9547099958864665;0.6542016806722688;167.0;0.9311594202898551
bupa;35634;0.03125;3;0.6292553361181547;0.6425104907863528;81.2;0.6865734265734267;0.6214285714285714;96.0;0.6666666666666666
bupa;75916;0.03125;3;0.6462701443567259;0.6649425287356321;125.4;0.9610489510489512;0.5680672268907563;153.0;0.9420289855072463
bupa;52306;0.03125;3;0.6814858977184799;0.6971036307243204;94.2;0.809765528589058;0.5953781512605042;114.0;0.7753623188405797
bupa;57556;0.03125;3;0.6257434930732839;0.6472906403940886;355.6;0.991846976552859;0.6352941176470588;438.0;0.9891304347826086
bupa;71476;0.03125;3;0.631109254419952;0.6476418536763364;106.8;0.8532661456190869;0.6647058823529413;133.0;0.8514492753623188
bupa;46810;0.03125;3;0.6309015935640859;0.6462506841817187;95.2;0.7943809132044425;0.5063025210084033;123.0;0.7862318840579711
bupa;63495;0.03125;3;0.6371002033140449;0.6475369458128079;70.2;0.5371081859317154;0.6663865546218488;111.0;0.5615942028985508
bupa;54551;0.03125;3;0.666585598611571;0.682069877759533;97.2;0.8007322089675031;0.607983193277311;123.0;0.7391304347826086
bupa;10070;0.03125;3;0.6140282218010633;0.6327631819011129;120.2;0.9673920197449609;0.7403361344537815;147.0;0.9601449275362319
bupa;59520;0.03125;3;0.6655784029805107;0.684227330779055;129.6;0.957420814479638;0.6823529411764706;160.0;0.9528985507246377
bupa;71675;0.03125;3;0.6349188942808308;0.6522258711913883;133.2;0.8813451254627725;0.5819327731092437;160.0;0.8695652173913043
bupa;49870;0.03125;3;0.6367486798966647;0.6542829775588396;123.2;0.8994487865076101;0.5936974789915966;155.0;0.8804347826086957
bupa;98297;0.03125;3;0.6349581888569011;0.654369640576537;154.8;0.9855121349238996;0.7117647058823529;203.0;0.9782608695652174
bupa;87498;0.03125;5;0.6486362004539313;0.6702609012953841;368.2;0.9891279308926368;0.5970588235294118;459.0;0.9855072463768116
bupa;19822;0.03125;5;0.6240653311552421;0.641196861886517;109.2;0.884993829699712;0.7105042016806723;136.0;0.8586956521739131
bupa;37448;0.03125;5;0.6569980679815101;0.6758255792738551;173.4;0.9429452900041136;0.6252100840336134;220.0;0.9166666666666666
bupa;95674;0.03125;5;0.635600503230034;0.6545019157088122;149.8;0.9601357466063348;0.6508403361344538;179.0;0.9239130434782609
bupa;91937;0.03125;5;0.6217779417694533;0.6401705893085203;128.6;0.9438296997120528;0.6247899159663866;149.0;0.9202898550724637
bupa;29155;0.03125;5;0.6343441254102467;0.6513181901112934;126.2;0.8668572603866721;0.6239495798319328;167.0;0.855072463768116
bupa;82876;0.03125;5;0.6315988343395964;0.6502143769385149;111.6;0.9655779514603043;0.6277310924369748;140.0;0.9492753623188406
bupa;96728;0.03125;5;0.6476482323853124;0.661576354679803;92.6;0.7173879062114356;0.5634453781512605;107.0;0.6630434782608695
bupa;80573;0.03125;5;0.6265302289201001;0.6448549534756431;120.2;0.9447470176881942;0.6550420168067227;142.0;0.927536231884058
bupa;39750;0.03125;5;0.6453762326728417;0.6625342090859332;107.0;0.8876758535582064;0.5680672268907563;129.0;0.8623188405797102
bupa;13652;0.03125;5;0.6509574619924959;0.6681901112935595;125.8;0.8813533525298232;0.5949579831932773;154.0;0.8731884057971014
bupa;87605;0.03125;5;0.6575738006550909;0.6725734355044699;88.2;0.778979843685726;0.55;108.0;0.7608695652173914
bupa;1718;0.03125;5;0.6219415471455996;0.6377850757161102;93.8;0.8224516659810777;0.6214285714285714;113.0;0.7753623188405797
bupa;34488;0.03125;5;0.6508372497076307;0.6678981937602627;123.4;0.8732085561497327;0.5663865546218487;152.0;0.8514492753623188
bupa;41856;0.03125;5;0.6332524007612198;0.6509943440977923;112.8;0.9166886055121349;0.5189075630252101;138.0;0.9021739130434783
bupa;78578;0.03125;5;0.6120651983594041;0.6282612661923006;107.6;0.8342451665981079;0.6214285714285714;125.0;0.8188405797101449
bupa;37134;0.03125;5;0.6429017147107366;0.6572386425834702;89.2;0.7418428630193337;0.6075630252100841;105.0;0.7318840579710145
bupa;74923;0.03125;5;0.6295389086771704;0.6501185914979019;256.2;0.9936651583710407;0.5815126050420169;327.0;0.9927536231884058
bupa;37837;0.03125;5;0.6404668807974876;0.6592364532019704;110.6;0.9746359522830111;0.6105042016806723;138.0;0.9637681159420289
bupa;71477;0.03125;5;0.6623879126356196;0.6797573435504469;116.6;0.8940148087206911;0.6533613445378151;142.0;0.8876811594202898
bupa;51869;0.03125;5;0.6438436109012218;0.6608784893267652;109.4;0.8795475113122173;0.5533613445378152;151.0;0.8659420289855072
bupa;23128;0.03125;5;0.6639347906791023;0.6808520343003102;99.4;0.8786096256684491;0.5512605042016807;124.0;0.855072463768116
bupa;50575;0.03125;5;0.6725954301485653;0.6911694946177704;136.8;0.9492883587001234;0.5533613445378152;169.0;0.9420289855072463
bupa;42750;0.03125;5;0.647582120915638;0.664080459770115;147.4;0.8288194158782394;0.5529411764705883;166.0;0.8188405797101449
bupa;44271;0.03125;5;0.6619384440566863;0.6799169859514687;129.8;0.9203044014808721;0.6827731092436975;161.0;0.894927536231884
bupa;68520;0.03125;5;0.61098814434415;0.6252006933041415;88.2;0.7355327025915261;0.6058823529411765;102.0;0.7101449275362319
bupa;13150;0.03125;5;0.6500225256732665;0.6690613026819923;119.4;0.9846071575483339;0.6100840336134454;155.0;0.9818840579710145
bupa;57967;0.03125;5;0.6968417051040078;0.7165207079000182;160.2;0.997280954339778;0.5802521008403361;211.0;0.9963768115942029
bupa;47079;0.03125;5;0.6110938826527723;0.6247673782156541;95.0;0.701999177293295;0.46176470588235297;109.0;0.6702898550724637
bupa;80300;0.03125;5;0.6712178335313091;0.6882685641306331;122.4;0.8732003290826821;0.4642857142857143;144.0;0.8514492753623188
bupa;18176;0.03125;5;0.6279823719321249;0.6457626345557379;116.6;0.9166927190456603;0.5823529411764705;140.0;0.9130434782608695
bupa;89597;0.03125;5;0.6446974180397542;0.661767925561029;111.4;0.8804031262854792;0.5088235294117647;140.0;0.8586956521739131
bupa;79959;0.03125;5;0.6594790971376208;0.6751550811895639;124.4;0.7962032085561497;0.565546218487395;151.0;0.8152173913043478
bupa;85035;0.03125;5;0.6449824779544112;0.6610107644590404;117.0;0.8197614150555326;0.6075630252100841;128.0;0.8115942028985508
bupa;3786;0.03125;5;0.6309494925821322;0.6443623426382047;83.6;0.6939448786507609;0.623109243697479;118.0;0.8188405797101449
bupa;19593;0.03125;5;0.6490566996338009;0.6687876299945266;211.0;0.9719251336898396;0.6390756302521008;278.0;0.9710144927536232
bupa;95531;0.03125;5;0.608278925690955;0.6279054916985952;166.4;0.9909419991772934;0.7533613445378151;212.0;0.9891304347826086
bupa;38297;0.03125;5;0.617367304689379;0.635805509943441;116.8;0.9529000411353353;0.5542016806722689;143.0;0.9347826086956522
bupa;74740;0.03125;5;0.6400707482662461;0.6590083926290823;153.4;0.9601357466063348;0.6403361344537815;191.0;0.9528985507246377
bupa;68043;0.03125;5;0.6392283968713768;0.6562762269658821;105.8;0.8822624434389141;0.5789915966386554;164.0;0.8623188405797102
bupa;28922;0.03125;5;0.6510529833726324;0.6684090494435322;110.4;0.8967215137803374;0.6810924369747899;139.0;0.8985507246376812
bupa;17892;0.03125;5;0.6732643614253545;0.690544608648057;102.8;0.8967585355820649;0.49117647058823527;127.0;0.8623188405797102
bupa;3325;0.03125;5;0.6615370416958961;0.6780925013683634;102.6;0.8568613739201976;0.6533613445378151;133.0;0.8333333333333334
bupa;70134;0.03125;5;0.662439149545486;0.6786672140120416;96.2;0.84234471410942;0.6088235294117648;112.0;0.7898550724637681
bupa;32325;0.03125;5;0.6318704078851579;0.6483898923554097;143.0;0.8324310983134513;0.5827731092436974;173.0;0.8152173913043478
bupa;15431;0.03125;5;0.6315300105182369;0.650269111476008;130.4;0.9619539284245168;0.711344537815126;167.0;0.9565217391304348
bupa;48499;0.03125;5;0.6279259883494164;0.6453566867359971;119.4;0.8958412176059234;0.6126050420168068;166.0;0.8840579710144928
bupa;35634;0.03125;5;0.6374566554959445;0.6536216018974639;96.4;0.8387494858083094;0.5630252100840336;113.0;0.7971014492753623
bupa;75916;0.03125;5;0.6384177148969018;0.6509760992519613;80.4;0.6485561497326203;0.5474789915966387;113.0;0.6231884057971014
bupa;52306;0.03125;5;0.6829595711202334;0.6989828498449188;95.4;0.8314849856026327;0.5936974789915966;114.0;0.782608695652174
bupa;57556;0.03125;5;0.6237815384323012;0.6360472541507024;92.0;0.6259563965446319;0.5789915966386554;103.0;0.5688405797101449
bupa;71476;0.03125;5;0.6229410672880115;0.6418582375478927;122.0;0.9764500205676676;0.6550420168067227;153.0;0.9710144927536232
bupa;46810;0.03125;5;0.6335474472514776;0.6497673782156541;111.6;0.8333401892225423;0.6260504201680672;157.0;0.8188405797101449
bupa;63495;0.03125;5;0.6311906533021711;0.6492017879948915;118.4;0.9284368572603865;0.5521008403361345;156.0;0.9021739130434783
bupa;54551;0.03125;5;0.6635450485182605;0.6793970078452837;114.2;0.8115837104072398;0.5205882352941176;148.0;0.7971014492753623
bupa;10070;0.03125;5;0.6123390121301092;0.6249087757708447;75.0;0.6521842863019334;0.5642857142857143;88.0;0.6086956521739131
bupa;59520;0.03125;5;0.6396710740680667;0.6583014048531289;119.6;0.9619498148909914;0.6529411764705882;148.0;0.9565217391304348
bupa;71675;0.03125;5;0.6424099615202227;0.6550766283524905;81.4;0.6539777869189634;0.4331932773109244;83.0;0.572463768115942
bupa;49870;0.03125;5;0.6655239694741635;0.6821747856230614;185.4;0.8161250514191691;0.6235294117647059;200.0;0.8043478260869565
bupa;98297;0.03125;5;0.6319725105869165;0.6487000547345374;106.6;0.8641382147264501;0.7529411764705882;129.0;0.8115942028985508
bupa;87498;2.0;4;0.6715136284369683;0.6864075898558657;105.4;0.7635911147675853;0.6109243697478991;141.0;0.7463768115942029
bupa;19822;2.0;4;0.6600075620559129;0.6747947454844007;125.8;0.7463636363636363;0.6394957983193277;144.0;0.7101449275362319
bupa;37448;2.0;4;0.6780295998289207;0.6917533296843642;78.8;0.7137721102426985;0.5668067226890756;96.0;0.6956521739130435
bupa;95674;2.0;4;0.6372538210540899;0.6586571793468344;346.2;0.9891320444261622;0.6659663865546219;448.0;0.9855072463768116
bupa;91937;2.0;4;0.6424309447856498;0.6563628899835796;80.0;0.7245989304812834;0.6542016806722688;94.0;0.6811594202898551
bupa;29155;2.0;4;0.6340503775596156;0.6484628717387338;179.8;0.695680789798437;0.5504201680672269;268.0;0.7065217391304348
bupa;82876;2.0;4;0.6607563555664138;0.6759487319832147;131.8;0.7653969559851912;0.5525210084033614;238.0;0.7644927536231884
bupa;96728;2.0;4;0.6572074157098189;0.6715745301952198;90.6;0.7427313862607979;0.6373949579831932;99.0;0.7028985507246377
bupa;80573;2.0;4;0.615637193682546;0.6375889436234263;417.0;0.98006993006993;0.7096638655462185;535.0;0.9746376811594203
bupa;39750;2.0;4;0.6403986889934726;0.6536900200693305;161.4;0.6440148087206911;0.5634453781512605;182.0;0.605072463768116
bupa;13652;2.0;4;0.645292174994199;0.6594690749863164;81.4;0.7373426573426574;0.6373949579831932;100.0;0.7246376811594203
bupa;87605;2.0;4;0.6558997310972793;0.6703156358328771;85.6;0.7482023858494447;0.5663865546218487;105.0;0.7318840579710145
bupa;1718;2.0;4;0.6591744374371812;0.6702609012953842;64.6;0.5760839160839162;0.5365546218487395;74.0;0.5289855072463768
bupa;34488;2.0;4;0.6706158777953027;0.6857735814632366;90.8;0.7862607980255039;0.5235294117647059;109.0;0.7681159420289855
bupa;41856;2.0;4;0.6840705933410316;0.6984902390074803;89.2;0.7464088852324147;0.6365546218487395;114.0;0.7463768115942029
bupa;78578;2.0;4;0.6262707130091819;0.6396278051450465;151.6;0.653089263677499;0.6663865546218488;183.0;0.6557971014492754
bupa;37134;2.0;4;0.6713507609120097;0.6852536033570517;124.4;0.6983257918552036;0.5945378151260504;146.0;0.6557971014492754
bupa;74923;2.0;4;0.6387336818138697;0.6539636927567962;150.2;0.7572521596051007;0.6823529411764706;179.0;0.75
bupa;37837;2.0;4;0.638182778884891;0.6536033570516329;118.6;0.7853270259152612;0.6970588235294117;210.0;0.7898550724637681
bupa;71477;2.0;4;0.6706796802500788;0.684688013136289;81.0;0.7282599753187988;0.6378151260504201;96.0;0.6956521739130435
bupa;51869;2.0;4;0.672500924625671;0.6852171136653895;73.2;0.6612669683257918;0.5659663865546218;90.0;0.6521739130434783
bupa;23128;2.0;4;0.6730395808613686;0.6926336434957125;559.4;0.7708144796380091;0.523109243697479;1028.0;0.7391304347826086
bupa;50575;2.0;4;0.6961052226550728;0.7102627257799672;94.2;0.7291608391608392;0.5361344537815126;115.0;0.7028985507246377
bupa;42750;2.0;4;0.6745609903271514;0.6891944900565591;84.4;0.7608802961744138;0.580672268907563;100.0;0.7246376811594203
bupa;44271;2.0;4;0.6618832252703185;0.6759213647144682;80.6;0.7301275195392842;0.5361344537815126;99.0;0.7101449275362319
bupa;68520;2.0;4;0.633243179569024;0.6478106185002737;165.8;0.7120115178938708;0.6680672268907563;225.0;0.7137681159420289
bupa;13150;2.0;4;0.6682125649343877;0.6830915891260718;97.4;0.7672110242698478;0.5815126050420169;117.0;0.7572463768115942
bupa;57967;2.0;4;0.6827168837611778;0.6972632731253421;139.4;0.7255162484574249;0.5647058823529412;206.0;0.7101449275362319
bupa;47079;2.0;4;0.6389042556064559;0.6542191205984309;90.2;0.795269436445907;0.6378151260504201;109.0;0.7753623188405797
bupa;80300;2.0;4;0.6902200901387336;0.704775588396278;125.6;0.7336857260386672;0.5378151260504201;140.0;0.7246376811594203
bupa;18176;2.0;4;0.630805989734136;0.6447682904579457;86.2;0.7228301110654052;0.638235294117647;103.0;0.717391304347826
bupa;89597;2.0;4;0.6774853663491329;0.6902344462689289;79.8;0.6594158782394077;0.58109243697479;94.0;0.6376811594202898
bupa;79959;2.0;4;0.6567533688780051;0.6746259806604634;103.0;0.9293459481694775;0.507563025210084;126.0;0.9057971014492754
bupa;85035;2.0;4;0.6469932027817423;0.6612844371465061;86.2;0.7409872480460716;0.6361344537815126;113.0;0.7463768115942029
bupa;3786;2.0;4;0.6710564018543117;0.6858693669038496;89.2;0.7681201151789387;0.58109243697479;107.0;0.7391304347826086
bupa;19593;2.0;4;0.6682993150436268;0.6829684364167123;102.6;0.7527354997943233;0.6092436974789917;128.0;0.7282608695652174
bupa;95531;2.0;4;0.6339861635410184;0.6490102171136654;100.4;0.7735499794323324;0.7252100840336134;127.0;0.75
bupa;38297;2.0;4;0.657981831676602;0.6733397190293742;114.0;0.7844220485396955;0.5348739495798319;154.0;0.7789855072463768
bupa;74740;2.0;4;0.6492638375651648;0.6708082466703156;360.2;0.9891402714932127;0.6386554621848739;455.0;0.9855072463768116
bupa;68043;2.0;4;0.6449826268486424;0.6598385331143952;111.4;0.7581571369806663;0.5802521008403361;127.0;0.7463768115942029
bupa;28922;2.0;4;0.6678459673588212;0.6828361612844371;93.8;0.7753475935828876;0.6529411764705882;117.0;0.7608695652173914
bupa;17892;2.0;4;0.6747875145248149;0.6979702609012953;523.0;0.9891320444261622;0.5798319327731092;809.0;0.9818840579710145
bupa;3325;2.0;4;0.6533460765609765;0.6721218755701515;228.6;0.9094241053064582;0.6243697478991597;282.0;0.8985507246376812
bupa;70134;2.0;4;0.6787381669181212;0.692510490786353;80.4;0.7155656108597286;0.5789915966386554;94.0;0.6594202898550725
bupa;32325;2.0;4;0.6468591539995545;0.6615124977193944;89.6;0.7590867955573838;0.6394957983193277;119.0;0.7681159420289855
bupa;15431;2.0;4;0.6463975143410058;0.6585249042145593;70.2;0.6304319210201564;0.534453781512605;91.0;0.6086956521739131
bupa;48499;2.0;4;0.678896132770262;0.6920178799489145;149.4;0.6413204442616207;0.49369747899159666;187.0;0.6340579710144928
bupa;35634;2.0;4;0.6526905752469073;0.6676245210727969;259.4;0.6802426984779926;0.6100840336134454;235.0;0.6594202898550725
bupa;75916;2.0;4;0.6687199931013318;0.6838578726509761;126.4;0.7653887289181407;0.6252100840336134;143.0;0.75
bupa;52306;2.0;4;0.697594671279079;0.7126938514869549;156.8;0.7463636363636363;0.6096638655462185;193.0;0.7210144927536232
bupa;57556;2.0;4;0.6546319905519349;0.6699096880131362;94.6;0.790773344302756;0.5928571428571429;105.0;0.7536231884057971
bupa;71476;2.0;4;0.6386945629545285;0.6530468892537857;82.6;0.746359522830111;0.5348739495798319;97.0;0.7028985507246377
bupa;46810;2.0;4;0.6535096657400211;0.6671045429666119;131.2;0.6775483340189223;0.5798319327731092;149.0;0.6884057971014492
bupa;63495;2.0;4;0.6582860585624277;0.6716794380587484;78.6;0.6956478815302345;0.607983193277311;98.0;0.6594202898550725
bupa;54551;2.0;4;0.6751424759248419;0.6890804597701148;80.6;0.7245989304812834;0.580672268907563;98.0;0.7028985507246377
bupa;10070;2.0;4;0.6087415793671858;0.6253147235905857;378.2;0.7047264500205677;0.6357142857142857;512.0;0.6557971014492754
bupa;59520;2.0;4;0.6560467290888844;0.6673508483853311;96.0;0.5706540518305224;0.523109243697479;118.0;0.5905797101449275
bupa;71675;2.0;4;0.6558558545402623;0.6722176610107644;270.8;0.7527272727272727;0.5659663865546218;364.0;0.7391304347826086
bupa;49870;2.0;4;0.689003106227178;0.7032247765006385;167.4;0.6920361990950226;0.5659663865546218;272.0;0.6884057971014492
bupa;98297;2.0;4;0.6245880709834762;0.6399425287356322;131.6;0.774454956807898;0.6542016806722688;146.0;0.7644927536231884
bupa;87498;2.0;3;0.6916743614237882;0.7140530925013684;501.8;0.9565281777046483;0.5668067226890756;650.0;0.9456521739130435
bupa;19822;2.0;3;0.6560781957253206;0.671857325305601;90.6;0.8206746194981489;0.6684873949579831;110.0;0.7971014492753623
bupa;37448;2.0;3;0.6719024623772617;0.6866447728516694;105.0;0.7554422048539695;0.5647058823529412;110.0;0.7246376811594203
bupa;95674;2.0;3;0.6632452342229439;0.6887110016420361;813.4;0.9538214726450022;0.6365546218487395;614.0;0.9239130434782609
bupa;91937;2.0;3;0.6448880497297467;0.6601806239737276;88.0;0.7952612093788564;0.6243697478991597;111.0;0.7898550724637681
bupa;29155;2.0;3;0.6305007812696982;0.6466976829045794;93.0;0.8424023035787742;0.6533613445378151;113.0;0.8188405797101449
bupa;82876;2.0;3;0.6604592608831298;0.6758164568509396;127.0;0.7771616618675441;0.5941176470588235;139.0;0.7644927536231884
bupa;96728;2.0;3;0.6640741212785705;0.678717387338077;85.4;0.7608638420403125;0.638235294117647;105.0;0.7536231884057971
bupa;80573;2.0;3;0.6193064521024437;0.6344143404488232;190.2;0.7282887700534759;0.6521008403361345;221.0;0.7137681159420289
bupa;39750;2.0;3;0.6423627502773592;0.6550766283524905;73.0;0.6612505141916907;0.47857142857142854;87.0;0.6304347826086957
bupa;13652;2.0;3;0.6445285244384591;0.6604041233351577;100.2;0.8206663924310982;0.6663865546218488;123.0;0.8043478260869565
bupa;87605;2.0;3;0.6564183053785311;0.670703338806787;82.4;0.7427560674619499;0.5659663865546218;91.0;0.6594202898550725
bupa;1718;2.0;3;0.6452278670071244;0.6672094508301405;423.2;0.9782723159193747;0.6663865546218488;526.0;0.9710144927536232
bupa;34488;2.0;3;0.6917384365780388;0.7134464513774859;404.2;0.9737268613739202;0.5651260504201681;488.0;0.9637681159420289
bupa;41856;2.0;3;0.6756424697078635;0.6898558657179347;94.8;0.7319127930892637;0.6205882352941177;113.0;0.7246376811594203
bupa;78578;2.0;3;0.6132598474143144;0.6234172596241563;63.6;0.5253558206499382;0.5785714285714285;74.0;0.5144927536231884
bupa;37134;2.0;3;0.6706528693034337;0.683570516329137;80.2;0.6684985602632662;0.5777310924369747;92.0;0.6304347826086957
bupa;74923;2.0;3;0.6393035815078102;0.6544927932858966;87.4;0.7898889345948169;0.6546218487394958;112.0;0.8115942028985508
bupa;37837;2.0;3;0.6246132075756601;0.6376071884692573;86.2;0.6693788564376801;0.6521008403361345;99.0;0.6521739130434783
bupa;71477;2.0;3;0.6672328871998155;0.6809934318555009;79.2;0.7155820649938297;0.5651260504201681;93.0;0.6739130434782609
bupa;51869;2.0;3;0.6674233607406727;0.6812579821200511;80.0;0.719226655697244;0.638235294117647;97.0;0.6884057971014492
bupa;23128;2.0;3;0.679161649150515;0.6943167305236271;87.4;0.7880049362402304;0.5222689075630252;102.0;0.7391304347826086
bupa;50575;2.0;3;0.6924589467229912;0.707088122605364;84.0;0.7608638420403125;0.5504201680672269;99.0;0.717391304347826
bupa;42750;2.0;3;0.6743815487989357;0.6897509578544062;89.0;0.7989469354175236;0.5815126050420169;107.0;0.7681159420289855
bupa;44271;2.0;3;0.6683131129917663;0.6839901477832513;90.2;0.8152612093788564;0.5365546218487395;112.0;0.8115942028985508
bupa;68520;2.0;3;0.6219555473800776;0.6373791278963692;105.8;0.7926038667215138;0.7121848739495797;128.0;0.7898550724637681
bupa;13150;2.0;3;0.6644394634502888;0.6787265097609925;82.6;0.7427560674619498;0.5794117647058823;96.0;0.6956521739130435
bupa;57967;2.0;3;0.6794152803538552;0.6943349753694582;129.2;0.7517893870835047;0.5936974789915966;148.0;0.7355072463768116
bupa;47079;2.0;3;0.6468435693736646;0.6621465061120233;89.0;0.7952776635129576;0.6529411764705882;108.0;0.7753623188405797
bupa;80300;2.0;3;0.6859071522004762;0.7008073344280241;168.0;0.7291567256273138;0.5079831932773109;148.0;0.717391304347826
bupa;18176;2.0;3;0.6336655499689057;0.6462141944900566;157.8;0.6050185109008639;0.6247899159663866;232.0;0.5579710144927537
bupa;89597;2.0;3;0.676400792697975;0.6918673599708083;283.0;0.6965322912381736;0.5672268907563025;289.0;0.6992753623188406
bupa;79959;2.0;3;0.664568783857632;0.6800401386608282;89.4;0.8043521184697655;0.5226890756302521;110.0;0.7898550724637681
bupa;85035;2.0;3;0.6499729008828136;0.6655081189563948;89.2;0.8079884821061292;0.6100840336134454;109.0;0.7898550724637681
bupa;3786;2.0;3;0.6638530371574511;0.6788679073161832;96.2;0.7753763883175647;0.6235294117647059;104.0;0.7391304347826086
bupa;19593;2.0;3;0.6637502656960942;0.6790093048713738;105.8;0.7835211846976552;0.580672268907563;130.0;0.7681159420289855
bupa;95531;2.0;3;0.6375899306799298;0.6543787629994526;96.4;0.8731879884821062;0.7252100840336134;119.0;0.855072463768116
bupa;38297;2.0;3;0.6566164456915404;0.6700237182995803;104.4;0.6820814479638008;0.5798319327731092;133.0;0.6920289855072463
bupa;74740;2.0;3;0.6553317910853849;0.6773079729976281;450.4;0.9628630193336075;0.6802521008403362;509.0;0.9456521739130435
bupa;68043;2.0;3;0.6380063474234037;0.6532156540777231;99.2;0.784442616207322;0.6529411764705882;129.0;0.7717391304347826
bupa;28922;2.0;3;0.6567209370680797;0.6719804780149607;101.0;0.7862155491567255;0.6386554621848739;114.0;0.7572463768115942
bupa;17892;2.0;3;0.6735308016114304;0.695666849115125;419.0;0.9891320444261622;0.6815126050420168;532.0;0.9855072463768116
bupa;3325;2.0;3;0.6534703882420833;0.6690704251049079;121.8;0.7934553681612504;0.6680672268907563;150.0;0.7898550724637681
bupa;70134;2.0;3;0.6738109839347824;0.6892127349023902;89.0;0.8007322089675031;0.5663865546218487;110.0;0.7753623188405797
bupa;32325;2.0;3;0.6426229696099173;0.6587347199416165;99.2;0.8342575071986836;0.5823529411764705;120.0;0.8188405797101449
bupa;15431;2.0;3;0.6455475209081126;0.6584108739281153;105.8;0.6512793089263678;0.6071428571428572;134.0;0.6268115942028986
bupa;48499;2.0;3;0.67336613676701;0.6954479109651525;413.6;0.9891361579596873;0.6096638655462185;564.0;0.9818840579710145
bupa;35634;2.0;3;0.6517682871222644;0.6668582375478926;87.4;0.7844097079391197;0.6525210084033614;105.0;0.7463768115942029
bupa;75916;2.0;3;0.6734717073289698;0.68678617040686;114.8;0.6711805841217606;0.6247899159663866;123.0;0.6557971014492754
bupa;52306;2.0;3;0.6933920111532776;0.707069877759533;124.8;0.6856849033319621;0.5802521008403361;130.0;0.6340579710144928
bupa;57556;2.0;3;0.6520040205611023;0.6671045429666119;121.0;0.7663266145619086;0.6949579831932773;140.0;0.7572463768115942
bupa;71476;2.0;3;0.6556550011780852;0.670666849115125;86.2;0.7807651172357055;0.5218487394957982;103.0;0.7391304347826086
bupa;46810;2.0;3;0.6500375583291846;0.6633917168399928;91.0;0.686593994241053;0.5949579831932773;102.0;0.6594202898550725
bupa;63495;2.0;3;0.6534618268360222;0.6689016602809706;89.6;0.8025010283833813;0.6226890756302521;109.0;0.7898550724637681
bupa;54551;2.0;3;0.6820551876615022;0.6975278233898924;92.8;0.8025339366515837;0.5953781512605042;111.0;0.782608695652174
bupa;10070;2.0;3;0.6217695837795714;0.6372286079182631;279.0;0.6983381324557796;0.49159663865546216;266.0;0.6485507246376812
bupa;59520;2.0;3;0.6506309124416984;0.6667761357416531;156.4;0.8043274372686138;0.5815126050420169;181.0;0.7971014492753623
bupa;71675;2.0;3;0.6584266379906427;0.6698731983214742;67.8;0.5941834635952283;0.5928571428571429;85.0;0.572463768115942
bupa;49870;2.0;3;0.6863836628498416;0.6996351030833791;102.0;0.6748128342245989;0.5932773109243697;114.0;0.6630434782608695
bupa;98297;2.0;3;0.6244294677625438;0.6379857690202517;83.4;0.7019744960921431;0.6235294117647059;115.0;0.7101449275362319
bupa;87498;2.0;5;0.678583224796846;0.6927567962050721;141.4;0.7038255861785274;0.5226890756302521;160.0;0.6920289855072463
bupa;19822;2.0;5;0.6529507916549322;0.6677659186279875;89.4;0.7681283422459894;0.7096638655462185;107.0;0.7391304347826086
bupa;37448;2.0;5;0.675219355195764;0.6895821930304689;83.6;0.7463842040312628;0.5642857142857143;111.0;0.7536231884057971
bupa;95674;2.0;5;0.6368936110426762;0.6478379857690202;141.8;0.5253517071164129;0.6357142857142857;377.0;0.5217391304347826
bupa;91937;2.0;5;0.6417708080862901;0.6566091954022989;91.8;0.7680789798436857;0.6542016806722688;112.0;0.7644927536231884
bupa;29155;2.0;5;0.648944404937548;0.6632685641306331;83.0;0.7445824763471822;0.6394957983193277;104.0;0.7536231884057971
bupa;82876;2.0;5;0.6599051151565705;0.6749087757708448;88.6;0.778979843685726;0.5798319327731092;110.0;0.7753623188405797
bupa;96728;2.0;5;0.6511013235873233;0.6681536216018975;465.0;0.6829535170711643;0.5369747899159664;652.0;0.6413043478260869
bupa;80573;2.0;5;0.636004388531838;0.6545201605546433;150.6;0.9384039489921843;0.5941176470588235;192.0;0.9202898550724637
bupa;39750;2.0;5;0.6423750743341317;0.6532521437693852;66.6;0.5634142328259977;0.5504201680672269;75.0;0.5144927536231884
bupa;13652;2.0;5;0.6433573083310714;0.6589399744572157;120.0;0.7934965034965036;0.6525210084033614;165.0;0.7717391304347826
bupa;87605;2.0;5;0.6496237095747635;0.6632776865535486;78.4;0.7101439736733856;0.5222689075630252;91.0;0.6594202898550725
bupa;1718;2.0;5;0.6509743183865682;0.663770297390987;122.0;0.6385602632661456;0.5945378151260504;108.0;0.5797101449275363
bupa;34488;2.0;5;0.6787497871983939;0.693048713738369;126.2;0.7191896338955163;0.5815126050420169;138.0;0.7210144927536232
bupa;41856;2.0;5;0.67723290883402;0.6913565042875387;112.0;0.7174002468120115;0.6063025210084034;149.0;0.7101449275362319
bupa;78578;2.0;5;0.6157798765680855;0.626600985221675;67.6;0.5597696421225833;0.55;81.0;0.5579710144927537
bupa;37134;2.0;5;0.6637359026644899;0.6764185367633644;86.2;0.6521925133689839;0.5054621848739496;85.0;0.6014492753623188
bupa;74923;2.0;5;0.638685146781209;0.6547482211275315;149.8;0.8034594816947758;0.6697478991596638;253.0;0.8007246376811594
bupa;37837;2.0;5;0.6397085353533234;0.6561348294106916;223.4;0.7826203208556148;0.5802521008403361;289.0;0.7789855072463768
bupa;71477;2.0;5;0.667353468995589;0.6807288815909505;76.8;0.6956561085972851;0.6525210084033614;94.0;0.6811594202898551
bupa;51869;2.0;5;0.6712059876948756;0.6839217296113848;73.2;0.66124228712464;0.6235294117647059;91.0;0.6521739130434783
bupa;23128;2.0;5;0.6724399629817875;0.6866356504287537;83.4;0.7372686137392019;0.5634453781512605;95.0;0.6884057971014492
bupa;50575;2.0;5;0.693339586075277;0.7068053274949826;97.2;0.6893089263677499;0.5214285714285714;98.0;0.6086956521739131
bupa;42750;2.0;5;0.664653184310341;0.6779784710819193;101.2;0.6793336075689018;0.5512605042016807;97.0;0.605072463768116
bupa;44271;2.0;5;0.6606113489698904;0.6752782338989236;84.4;0.7627231591937474;0.6084033613445379;102.0;0.7318840579710145
bupa;68520;2.0;5;0.6340837237695426;0.6520434227330779;240.4;0.857819827231592;0.6088235294117648;281.0;0.8442028985507246
bupa;13150;2.0;5;0.6878162096246805;0.6989919722678344;70.2;0.5779020979020979;0.5054621848739496;82.0;0.5362318840579711
bupa;57967;2.0;5;0.6788798652597268;0.6930213464696223;112.2;0.7182764294529;0.6516806722689076;142.0;0.7137681159420289
bupa;47079;2.0;5;0.6427412171386508;0.6568828680897647;81.2;0.7355080213903744;0.6100840336134454;101.0;0.7318840579710145
bupa;80300;2.0;5;0.691538994235881;0.7074302134646961;219.2;0.7554175236528178;0.47941176470588237;478.0;0.7391304347826086
bupa;18176;2.0;5;0.6313241227494029;0.6438697318007663;72.6;0.6521842863019334;0.5508403361344538;88.0;0.6376811594202898
bupa;89597;2.0;5;0.6736322088575374;0.6900748038679073;164.8;0.8160756890168654;0.5369747899159664;227.0;0.8043478260869565
bupa;79959;2.0;5;0.6523792700278722;0.6693076081007115;97.2;0.8804442616207322;0.5378151260504201;117.0;0.8478260869565217
bupa;85035;2.0;5;0.6507701222012449;0.6637976646597336;74.8;0.6775647881530233;0.6092436974789917;93.0;0.6739130434782609
bupa;3786;2.0;5;0.6553596533956354;0.6678981937602627;75.2;0.6503496503496503;0.5789915966386554;87.0;0.6159420289855072
bupa;19593;2.0;5;0.6682192114441431;0.6804916985951469;71.6;0.6376635129576307;0.5777310924369747;81.0;0.5797101449275363
bupa;95531;2.0;5;0.6500351419712694;0.6639208173690931;81.8;0.7210448375154257;0.6516806722689076;102.0;0.7101449275362319
bupa;38297;2.0;5;0.6624607754169444;0.6772988505747126;106.4;0.7599506375976964;0.5058823529411764;125.0;0.7427536231884058
bupa;74740;2.0;5;0.6484911788350143;0.6652253238460135;135.0;0.8487248046071576;0.6533613445378151;159.0;0.8297101449275363
bupa;68043;2.0;5;0.6433762966487413;0.6574393358876117;119.0;0.7101686548745373;0.5512605042016807;139.0;0.7028985507246377
bupa;28922;2.0;5;0.663297028490939;0.678083378945448;86.6;0.768095433977787;0.6521008403361345;105.0;0.7318840579710145
bupa;17892;2.0;5;0.6726187460290997;0.6880313811348294;108.0;0.7907774578362814;0.5781512605042016;116.0;0.7210144927536232
bupa;3325;2.0;5;0.6612452964327028;0.673709177157453;77.6;0.6448951048951048;0.49369747899159666;89.0;0.572463768115942
bupa;70134;2.0;5;0.6676206237100054;0.6885604816639299;422.4;0.921213492389963;0.6386554621848739;1035.0;0.8985507246376812
bupa;32325;2.0;5;0.6452259180606037;0.6591771574530195;114.4;0.7065528589058001;0.623109243697479;142.0;0.6992753623188406
bupa;15431;2.0;5;0.6420357787004979;0.6545566502463055;73.4;0.6503743315508022;0.5773109243697478;90.0;0.6231884057971014
bupa;48499;2.0;5;0.6833048020473058;0.6960727969348659;130.6;0.6322377622377622;0.5348739495798319;152.0;0.6304347826086957
bupa;35634;2.0;5;0.6458686720437095;0.6615216201423098;104.2;0.8061538461538461;0.6684873949579831;163.0;0.7934782608695652
bupa;75916;2.0;5;0.680392361624944;0.6930031016237914;72.6;0.655779514603044;0.5672268907563025;91.0;0.644927536231884
bupa;52306;2.0;5;0.7007497575582283;0.7140713373471994;87.8;0.6865734265734266;0.58109243697479;112.0;0.6956521739130435
bupa;57556;2.0;5;0.651975351964769;0.6671136653895274;105.2;0.7771904566022212;0.5781512605042016;122.0;0.7572463768115942
bupa;71476;2.0;5;0.6396799722359737;0.6525177887246854;75.6;0.6666474701768819;0.5361344537815126;86.0;0.6231884057971014
bupa;46810;2.0;5;0.6582814527528568;0.6709405218025908;82.2;0.6531139448786507;0.607983193277311;104.0;0.6231884057971014
bupa;63495;2.0;5;0.6567819771930584;0.6702609012953841;77.4;0.7010366104483753;0.5920168067226891;94.0;0.6811594202898551
bupa;54551;2.0;5;0.6760129443621153;0.6902435686918446;98.2;0.7309749074454956;0.6096638655462185;114.0;0.7282608695652174
bupa;10070;2.0;5;0.6212276523480114;0.6355683269476373;166.2;0.6992719045660223;0.4953781512605042;187.0;0.6702898550724637
bupa;59520;2.0;5;0.6619248781704686;0.6848202882685641;652.6;0.9012710818593173;0.5222689075630252;803.0;0.8985507246376812
bupa;71675;2.0;5;0.651170861137569;0.6676153986498814;310.0;0.7355162484574249;0.5802521008403361;495.0;0.7246376811594203
bupa;49870;2.0;5;0.6928998187525174;0.706143951833607;173.0;0.634965034965035;0.6529411764705882;202.0;0.6014492753623188
bupa;98297;2.0;5;0.6516647773284162;0.6669540229885058;130.0;0.7717441382147264;0.6222689075630252;174.0;0.7536231884057971
bupa;87498;512.0;4;0.6886617130342326;0.6995301952198504;62.4;0.5652735499794324;0.6100840336134454;79.0;0.5652173913043478
bupa;19822;512.0;4;0.6363705171623638;0.647801496077358;84.2;0.5842122583299054;0.6810924369747899;104.0;0.5652173913043478
bupa;37448;512.0;4;0.698885971244755;0.7110654989965335;81.8;0.6268654874537228;0.596218487394958;110.0;0.6231884057971014
bupa;95674;512.0;4;0.6447990046857892;0.6677476737821565;503.0;0.9873220896750308;0.6802521008403362;884.0;0.9818840579710145
bupa;91937;512.0;4;0.6336092051841898;0.6562579821200512;461.8;0.9936569313039902;0.6386554621848739;770.0;0.9927536231884058
bupa;29155;512.0;4;0.6464312168749289;0.6593367998540413;82.2;0.6667215137803373;0.6386554621848739;98.0;0.6666666666666666
bupa;82876;512.0;4;0.6599251518358141;0.6708082466703156;64.0;0.5651912793089264;0.5953781512605042;68.0;0.4927536231884058
bupa;96728;512.0;4;0.6483809851732508;0.6603493887976647;206.0;0.5462114356232004;0.5953781512605042;260.0;0.4927536231884058
bupa;80573;512.0;4;0.6452988723916495;0.6561165845648604;93.2;0.5453599341834636;0.48949579831932777;96.0;0.4782608695652174
bupa;39750;512.0;4;0.636144970546042;0.6487182995803685;72.2;0.6539366515837104;0.6235294117647059;92.0;0.6666666666666666
bupa;13652;512.0;4;0.6453342472161371;0.6587712096332785;237.8;0.6096092143150967;0.5932773109243697;501.0;0.6413043478260869
bupa;87605;512.0;4;0.6511740909399432;0.6630313811348293;79.2;0.6105224187577128;0.5953781512605042;98.0;0.5905797101449275
bupa;1718;512.0;4;0.6421839721695308;0.6531700419631454;115.0;0.5425421637186343;0.6378151260504201;133.0;0.5253623188405797
bupa;34488;512.0;4;0.6739355535254645;0.6859058565955118;106.8;0.6014273961332786;0.6235294117647059;125.0;0.6086956521739131
bupa;41856;512.0;4;0.6787524176998557;0.6919996351030834;126.0;0.6612464006581653;0.5474789915966387;167.0;0.6594202898550725
bupa;78578;512.0;4;0.5951275378533073;0.6047938332421091;57.2;0.5018017276840807;0.6084033613445379;74.0;0.5217391304347826
bupa;37134;512.0;4;0.6658699942101256;0.6774584929757343;98.2;0.5851295763060469;0.5932773109243697;121.0;0.5579710144927537
bupa;74923;512.0;4;0.6383034216879794;0.648727422003284;106.4;0.5162937062937062;0.6243697478991597;153.0;0.5253623188405797
bupa;37837;512.0;4;0.6372114475848271;0.6475643130815545;60.2;0.5380337309749074;0.6529411764705882;72.0;0.5072463768115942
bupa;71477;512.0;4;0.6494931603902854;0.6591589126071885;106.0;0.4746606334841629;0.4764705882352941;106.0;0.41304347826086957
bupa;51869;512.0;4;0.6710498217645011;0.6813628899835795;59.4;0.5362813656931305;0.565546218487395;79.0;0.572463768115942
bupa;23128;512.0;4;0.6731574690803899;0.6848385331143951;118.8;0.5787947346770876;0.49243697478991594;147.0;0.5543478260869565
bupa;50575;512.0;4;0.6847176657463057;0.6963647144681626;74.6;0.6014726450020568;0.6394957983193277;102.0;0.5905797101449275
bupa;42750;512.0;4;0.6418357244211595;0.66421273490239;446.2;0.987322089675031;0.6247899159663866;698.0;0.9855072463768116
bupa;44271;512.0;4;0.6378702764304448;0.6484446268929027;62.6;0.5489263677498972;0.5798319327731092;76.0;0.5289855072463768
bupa;68520;512.0;4;0.6245363360056013;0.6379857690202517;208.0;0.6268531468531469;0.5373949579831933;266.0;0.6268115942028986
bupa;13150;512.0;4;0.6843347005326677;0.6949005655902207;65.0;0.5471246400658165;0.5210084033613445;75.0;0.5072463768115942
bupa;57967;512.0;4;0.6908389490287145;0.70350757161102;265.8;0.551641299876594;0.5638655462184874;230.0;0.5615942028985508
bupa;47079;512.0;4;0.636196500178443;0.6488232074438971;77.4;0.6539942410530646;0.6378151260504201;92.0;0.644927536231884
bupa;80300;512.0;4;0.6886021490643812;0.7000228060572888;75.0;0.5887535993418347;0.49327731092436977;96.0;0.6014492753623188
bupa;18176;512.0;4;0.6709510162925366;0.681700419631454;99.6;0.5380337309749075;0.5659663865546218;154.0;0.5398550724637681
bupa;89597;512.0;4;0.688800833140722;0.7007982120051086;94.8;0.6095886466474701;0.6252100840336134;107.0;0.5942028985507246
bupa;79959;512.0;4;0.6336010033692809;0.6453749315818281;67.6;0.6123652817770464;0.7084033613445379;84.0;0.6086956521739131
bupa;85035;512.0;4;0.6424200737039171;0.6528005838350666;59.6;0.5398930481283422;0.6365546218487395;72.0;0.5217391304347826
bupa;3786;512.0;4;0.6578846123050859;0.6702973909870461;100.2;0.6295187165775401;0.5516806722689076;115.0;0.5942028985507246
bupa;19593;512.0;4;0.6686183532304222;0.6816548075168765;103.4;0.6621678321678321;0.6668067226890757;126.0;0.6739130434782609
bupa;95531;512.0;4;0.6387944937966985;0.6524311257069877;172.8;0.6567420814479638;0.6226890756302521;207.0;0.6340579710144928
bupa;38297;512.0;4;0.6665315732632074;0.6780833789454479;109.2;0.576993006993007;0.5521008403361345;112.0;0.5398550724637681
bupa;74740;512.0;4;0.6362812993302897;0.6488688195584749;98.0;0.640386672151378;0.5953781512605042;128.0;0.6304347826086957
bupa;68043;512.0;4;0.6586179811008941;0.6704114212734903;100.6;0.5951090086384204;0.6235294117647059;123.0;0.5869565217391305
bupa;28922;512.0;4;0.6511111052783599;0.6633643495712461;193.6;0.5688235294117648;0.6088235294117648;203.0;0.5398550724637681
bupa;17892;512.0;4;0.6727947491912569;0.6945311074621421;374.4;0.991846976552859;0.565546218487395;438.0;0.9891304347826086
bupa;3325;512.0;4;0.6423617643710905;0.6522532384601349;69.8;0.5072315919374744;0.5369747899159664;82.0;0.463768115942029
bupa;70134;512.0;4;0.6627856267683412;0.6843367998540412;356.0;0.991846976552859;0.5373949579831933;444.0;0.9891304347826086
bupa;32325;512.0;4;0.6336101844949625;0.6438514869549351;58.8;0.5326532291238173;0.5226890756302521;74.0;0.5362318840579711
bupa;15431;512.0;4;0.6199738008518546;0.631125706987776;67.8;0.5779185520361991;0.6949579831932773;86.0;0.5434782608695652
bupa;48499;512.0;4;0.6882490057736994;0.7034984491881044;488.0;0.5706581653640478;0.49453781512605044;531.0;0.5615942028985508
bupa;35634;512.0;4;0.6453163317983849;0.6553138113482941;60.8;0.5180830933772109;0.5789915966386554;80.0;0.5434782608695652
bupa;75916;512.0;4;0.6761233832767918;0.6870598430943258;66.0;0.5670259152612094;0.5945378151260504;87.0;0.5652173913043478
bupa;52306;512.0;4;0.704110078754117;0.7156495165115855;73.8;0.5959769642122584;0.5365546218487395;91.0;0.5688405797101449
bupa;57556;512.0;4;0.6527568118352137;0.6624931581828133;57.6;0.5054463183874949;0.6361344537815126;68.0;0.4855072463768116
bupa;71476;512.0;4;0.6260581147334828;0.6386653895274584;189.6;0.5905882352941176;0.5504201680672269;149.0;0.5760869565217391
bupa;46810;512.0;4;0.6631233369459846;0.6745301952198505;72.0;0.5896585767174003;0.5365546218487395;80.0;0.5797101449275363
bupa;63495;512.0;4;0.6606433161338796;0.6726053639846743;128.8;0.5887494858083093;0.5491596638655463;123.0;0.5833333333333334
bupa;54551;512.0;4;0.6876802986897572;0.6983488414522897;62.2;0.5543480049362401;0.5348739495798319;76.0;0.5507246376811594
bupa;10070;512.0;4;0.6388342085511147;0.6491926655719759;60.8;0.5380090497737557;0.523109243697479;72.0;0.4782608695652174
bupa;59520;512.0;4;0.663621728003177;0.6748722860791826;64.6;0.5851419169066229;0.5785714285714285;78.0;0.5652173913043478
bupa;71675;512.0;4;0.6636354407727546;0.6751459587666485;108.4;0.575158371040724;0.580672268907563;125.0;0.5579710144927537
bupa;49870;512.0;4;0.6838514412963218;0.6950419631454114;197.2;0.5081612505141917;0.6386554621848739;169.0;0.463768115942029
bupa;98297;512.0;4;0.6435122949851982;0.6556148513045065;155.8;0.5815055532702591;0.5949579831932773;139.0;0.5471014492753623
bupa;87498;512.0;3;0.6866926445944658;0.6996533479292101;130.2;0.6430974907445496;0.5970588235294118;144.0;0.5942028985507246
bupa;19822;512.0;3;0.633409648226431;0.6450237182995804;100.8;0.5850966680378445;0.5508403361344538;116.0;0.5797101449275363
bupa;37448;512.0;3;0.6872075622995016;0.6994070425104908;113.2;0.6105224187577128;0.6243697478991597;145.0;0.5905797101449275
bupa;95674;512.0;3;0.6408370393655693;0.6627577084473637;397.6;0.9891320444261622;0.6218487394957983;544.0;0.9855072463768116
bupa;91937;512.0;3;0.6443930401713275;0.6573937237730341;103.2;0.660304401480872;0.5949579831932773;152.0;0.6231884057971014
bupa;29155;512.0;3;0.6365813001512799;0.6487274220032841;94.8;0.6177992595639654;0.6542016806722688;119.0;0.6159420289855072
bupa;82876;512.0;3;0.6552605504125699;0.6682676518883415;105.4;0.6594364459070341;0.5785714285714285;133.0;0.6557971014492754
bupa;96728;512.0;3;0.66623975340606;0.6772806057288816;63.4;0.5742328259975319;0.5214285714285714;77.0;0.5507246376811594
bupa;80573;512.0;3;0.6349254822836047;0.648709177157453;163.0;0.670304401480872;0.6970588235294117;135.0;0.6485507246376812
bupa;39750;512.0;3;0.6463909417603526;0.6605956942163839;275.0;0.6313245577951461;0.6668067226890757;267.0;0.6086956521739131
bupa;13652;512.0;3;0.6395676642182065;0.6524311257069877;78.0;0.6667297408473878;0.6226890756302521;88.0;0.6231884057971014
bupa;87605;512.0;3;0.6597586634979703;0.6716018974639664;68.0;0.6159687371452078;0.6684873949579831;82.0;0.5942028985507246
bupa;1718;512.0;3;0.6525552108244584;0.6665663200145958;247.6;0.6358576717400247;0.6512605042016807;376.0;0.6376811594202898
bupa;34488;512.0;3;0.6768134316174267;0.6894681627440248;114.4;0.6349856026326615;0.5651260504201681;125.0;0.6159420289855072
bupa;41856;512.0;3;0.6818069391208557;0.6953156358328771;86.8;0.6974578362813657;0.6663865546218488;111.0;0.6956521739130435
bupa;78578;512.0;3;0.6245759741144035;0.6344234628717388;65.4;0.5072480460715755;0.5357142857142857;78.0;0.532608695652174
bupa;37134;512.0;3;0.6551921378001719;0.6668764823937237;101.2;0.5887535993418347;0.5201680672268907;134.0;0.5869565217391305
bupa;74923;512.0;3;0.6362930576469028;0.6615033752964787;1157.0;0.7488317564788153;0.6533613445378151;1800.0;0.8333333333333334
bupa;37837;512.0;3;0.6383093619494538;0.6526774311257071;123.2;0.7246729740847389;0.7096638655462185;88.0;0.6159420289855072
bupa;71477;512.0;3;0.6758625748771484;0.6869731800766283;63.8;0.5778609625668449;0.5340336134453781;75.0;0.5434782608695652
bupa;51869;512.0;3;0.6670633410931277;0.678179164386061;64.2;0.5779267791032496;0.580672268907563;77.0;0.5579710144927537
bupa;23128;512.0;3;0.6541166415577738;0.6670862981207808;114.8;0.6521472645002058;0.5651260504201681;116.0;0.6268115942028986
bupa;50575;512.0;3;0.6856319089203382;0.6975187009669768;77.2;0.6132620320855615;0.5945378151260504;98.0;0.5688405797101449
bupa;42750;512.0;3;0.6619007691826062;0.6742747673782157;111.0;0.6213780337309749;0.5378151260504201;144.0;0.6086956521739131
bupa;44271;512.0;3;0.6534537378705735;0.6755519065863893;413.6;0.9900411353352532;0.6365546218487395;533.0;0.9891304347826086
bupa;68520;512.0;3;0.6470961183324488;0.6602444809341362;80.2;0.6812340600575895;0.7096638655462185;117.0;0.7463768115942029
bupa;13150;512.0;3;0.6700306435332672;0.6812488596971356;64.6;0.5833566433566434;0.5495798319327732;71.0;0.5144927536231884
bupa;57967;512.0;3;0.6959685933617717;0.7083561393906221;125.4;0.6141258741258742;0.5647058823529412;165.0;0.6159420289855072
bupa;47079;512.0;3;0.6320386055087088;0.6540868454661559;395.6;0.9972850678733032;0.7252100840336134;488.0;0.9963768115942029
bupa;80300;512.0;3;0.6855739782391163;0.7075807334428024;419.2;0.9818839983545866;0.5088235294117647;543.0;0.9782608695652174
bupa;18176;512.0;3;0.648760337295261;0.6595831052727604;144.4;0.5171945701357467;0.5957983193277311;217.0;0.4927536231884058
bupa;89597;512.0;3;0.6899524583786864;0.703233898923554;328.4;0.5506910736322501;0.5226890756302521;359.0;0.532608695652174
bupa;79959;512.0;3;0.6458448757606531;0.6676336434957124;379.6;0.9918510900863844;0.6668067226890757;506.0;0.9891304347826086
bupa;85035;512.0;3;0.6537160818704605;0.666716839992702;103.2;0.6603085150143972;0.5668067226890756;146.0;0.6811594202898551
bupa;3786;512.0;3;0.6658708650194892;0.6779602262360883;118.6;0.6014438502673797;0.5205882352941176;130.0;0.5797101449275363
bupa;19593;512.0;3;0.6663197863313615;0.6792647327130086;86.2;0.6666721513780337;0.5516806722689076;84.0;0.5942028985507246
bupa;95531;512.0;3;0.625291329657235;0.639194490056559;129.2;0.6956766762649116;0.6378151260504201;176.0;0.7028985507246377
bupa;38297;512.0;3;0.6509778086396396;0.6636562671045431;139.6;0.6222953517071164;0.58109243697479;130.0;0.5905797101449275
bupa;74740;512.0;3;0.662513694386214;0.6847153804050355;451.6;0.9746441793500618;0.665546218487395;532.0;0.9637681159420289
bupa;68043;512.0;3;0.6549270750121795;0.6680213464696223;154.8;0.6368037844508433;0.6243697478991597;202.0;0.6521739130434783
bupa;28922;512.0;3;0.658284075463721;0.6697865353037767;106.0;0.5760468942821884;0.5642857142857143;429.0;0.605072463768116
bupa;17892;512.0;3;0.6823980226371309;0.7057653712826125;544.6;0.987322089675031;0.6819327731092437;830.0;0.9818840579710145
bupa;3325;512.0;3;0.6366677021431629;0.6493979200875752;113.8;0.6394858083093377;0.6239495798319328;122.0;0.6304347826086957
bupa;70134;512.0;3;0.6665737330335179;0.6788679073161832;108.0;0.6186384204031263;0.6096638655462185;145.0;0.6557971014492754
bupa;32325;512.0;3;0.6631631136540079;0.675675059295749;77.4;0.6476593994241053;0.6247899159663866;106.0;0.6739130434782609
bupa;15431;512.0;3;0.6485467353009685;0.6587894544791096;59.0;0.532620320855615;0.5642857142857143;74.0;0.5362318840579711
bupa;48499;512.0;3;0.6884995562769176;0.7003329684364167;161.6;0.5634265734265734;0.565546218487395;182.0;0.5833333333333334
bupa;35634;512.0;3;0.6396058018741897;0.6523946360153257;214.2;0.5869436445907035;0.5945378151260504;231.0;0.5615942028985508
bupa;75916;512.0;3;0.6845249096867405;0.6975187009669768;94.4;0.6648128342245989;0.6684873949579831;114.0;0.6413043478260869
bupa;52306;512.0;3;0.7029890378408767;0.7145913154533845;78.4;0.5968901686548745;0.5668067226890756;89.0;0.5652173913043478
bupa;57556;512.0;3;0.662479751555177;0.6775907681080094;387.8;0.6186836692719047;0.565546218487395;272.0;0.6195652173913043
bupa;71476;512.0;3;0.6362301831053485;0.648690932311622;77.2;0.6449444672974085;0.6525210084033614;89.0;0.5942028985507246
bupa;46810;512.0;3;0.6587523702057613;0.671592775041051;106.8;0.6494570135746607;0.5382352941176471;142.0;0.6413043478260869
bupa;63495;512.0;3;0.6592857116018329;0.671820835613939;114.0;0.6286055121349239;0.534453781512605;148.0;0.6485507246376812
bupa;54551;512.0;3;0.670430131813521;0.6825989782886335;129.8;0.5996092143150967;0.5663865546218487;174.0;0.5869565217391305
bupa;10070;512.0;3;0.6193915741602927;0.6298029556650245;64.4;0.5389304812834224;0.5226890756302521;77.0;0.5072463768115942
bupa;59520;512.0;3;0.6768710900315319;0.6889116949461778;95.8;0.611419169066228;0.5794117647058823;143.0;0.6195652173913043
bupa;71675;512.0;3;0.6588794963239359;0.6709313993796753;88.8;0.61593171534348;0.58109243697479;99.0;0.605072463768116
bupa;49870;512.0;3;0.6809718442477062;0.6933041415800035;82.4;0.6349650349650349;0.5802521008403361;101.0;0.6123188405797102
bupa;98297;512.0;3;0.64754762593516;0.6599525634008392;96.2;0.6313081036610448;0.6092436974789917;123.0;0.5869565217391305
bupa;87498;512.0;5;0.6689300136476916;0.6808702791461412;105.4;0.6005470999588647;0.4613445378151261;147.0;0.5760869565217391
bupa;19822;512.0;5;0.6451128446227219;0.6548120780879401;57.2;0.5036199095022625;0.6235294117647059;67.0;0.4855072463768116
bupa;37448;512.0;5;0.6916643904905657;0.7032612661923008;69.6;0.6014808720691074;0.49243697478991594;86.0;0.6086956521739131
bupa;95674;512.0;5;0.6396602666408205;0.6615124977193944;390.8;0.9891320444261622;0.7239495798319329;517.0;0.9855072463768116
bupa;91937;512.0;5;0.6259171737195593;0.6381180441525269;71.0;0.6340436034553681;0.5815126050420169;85.0;0.6159420289855072
bupa;29155;512.0;5;0.6281282672196773;0.6408182813355227;122.8;0.6322665569724393;0.6084033613445379;124.0;0.5869565217391305
bupa;82876;512.0;5;0.651470650861911;0.6633825944170771;68.4;0.6195392842451666;0.5491596638655463;85.0;0.6014492753623188
bupa;96728;512.0;5;0.6565813163728544;0.6662151067323481;89.8;0.4818963389551625;0.6378151260504201;94.0;0.4311594202898551
bupa;80573;512.0;5;0.6243255947881577;0.6372194854953477;174.0;0.6150761003702181;0.7394957983193278;202.0;0.6231884057971014
bupa;39750;512.0;5;0.6391614011199072;0.6491060025542784;104.4;0.4909419991772933;0.5798319327731092;111.0;0.47101449275362317
bupa;13652;512.0;5;0.6362478309017907;0.6486133917168401;71.0;0.6431345125462772;0.6525210084033614;92.0;0.6666666666666666
bupa;87605;512.0;5;0.6560581576144018;0.6666119321291737;60.6;0.5489016865487454;0.5369747899159664;72.0;0.5217391304347826
bupa;1718;512.0;5;0.6373706873791758;0.6483214741835431;106.6;0.5452612093788564;0.49453781512605044;164.0;0.5507246376811594
bupa;34488;512.0;5;0.6594105845118942;0.6717432950191571;92.2;0.629543397778692;0.5802521008403361;88.0;0.605072463768116
bupa;41856;512.0;5;0.6800614817580598;0.692775041050903;104.0;0.6440106951871658;0.7096638655462185;141.0;0.6014492753623188
bupa;78578;512.0;5;0.611139457152223;0.6219029374201789;61.8;0.5598107774578363;0.6508403361344538;75.0;0.5434782608695652
bupa;37134;512.0;5;0.6528338522858542;0.6639116949461777;70.2;0.5724969148498561;0.5630252100840336;91.0;0.572463768115942
bupa;74923;512.0;5;0.6379992552261933;0.6600757161101989;408.2;0.9918428630193337;0.580672268907563;530.0;0.9891304347826086
bupa;37837;512.0;5;0.629835907360711;0.6401477832512315;59.4;0.5362155491567256;0.6084033613445379;71.0;0.5144927536231884
bupa;71477;512.0;5;0.6598807528437566;0.6695311074621418;58.8;0.5000329082682025;0.5512605042016807;73.0;0.463768115942029
bupa;51869;512.0;5;0.6677408196672462;0.6776683087027915;57.0;0.5163307280954339;0.5823529411764705;78.0;0.5652173913043478
bupa;23128;512.0;5;0.6457870910124195;0.656741470534574;74.4;0.5633484162895928;0.5642857142857143;78.0;0.5507246376811594
bupa;50575;512.0;5;0.6732244044322931;0.6851395730706076;109.4;0.5969395310571782;0.5226890756302521;99.0;0.5869565217391305
bupa;42750;512.0;5;0.6487311112143549;0.6703065134099617;358.4;0.9918510900863844;0.6394957983193277;470.0;0.9891304347826086
bupa;44271;512.0;5;0.6414525803582377;0.6516374749133369;59.8;0.5289839572192513;0.6210084033613446;82.0;0.5362318840579711
bupa;68520;512.0;5;0.6312760875345758;0.6409140667761356;57.6;0.5000164541341012;0.4760504201680672;71.0;0.4782608695652174
bupa;13150;512.0;5;0.6842898162230775;0.6952973909870461;89.4;0.5579514603044015;0.5222689075630252;104.0;0.5543478260869565
bupa;57967;512.0;5;0.6806302457092871;0.6923873380769933;141.0;0.5706581653640477;0.5361344537815126;164.0;0.5905797101449275
bupa;47079;512.0;5;0.6176398163208067;0.62881317277869;83.0;0.5706581653640478;0.5067226890756302;120.0;0.5942028985507246
bupa;80300;512.0;5;0.6961356836313842;0.718162744024813;409.8;0.9882270670505964;0.4504201680672269;523.0;0.9818840579710145
bupa;18176;512.0;5;0.6341828527878883;0.6448823207443896;62.0;0.5561661867544221;0.5504201680672269;71.0;0.5144927536231884
bupa;89597;512.0;5;0.6740551185870438;0.6857370917715745;68.4;0.6068449197860962;0.5521008403361345;82.0;0.5942028985507246
bupa;79959;512.0;5;0.6290211005828565;0.6386288998357964;57.8;0.4982394076511724;0.5067226890756302;62.0;0.4492753623188406
bupa;85035;512.0;5;0.6480807077534082;0.6608784893267652;107.4;0.646770876182641;0.6373949579831932;118.0;0.6304347826086957
bupa;3786;512.0;5;0.6528073308272179;0.6636562671045428;93.2;0.5470835047305636;0.49243697478991594;122.0;0.5108695652173914
bupa;19593;512.0;5;0.6755980616362924;0.6881636562671044;130.0;0.6213986013986015;0.6516806722689076;170.0;0.6195652173913043
bupa;95531;512.0;5;0.6507392714543918;0.663674511950374;117.8;0.6485808309337722;0.7256302521008403;158.0;0.6268115942028986
bupa;38297;512.0;5;0.6555197159056627;0.6667259624156177;125.4;0.5489181406828465;0.49243697478991594;189.0;0.532608695652174
bupa;74740;512.0;5;0.6363706779872227;0.6485860244480934;93.6;0.6222871246400659;0.5945378151260504;134.0;0.6231884057971014
bupa;68043;512.0;5;0.6417637803593356;0.6530925013683635;116.4;0.5606787330316741;0.5794117647058823;117.0;0.5797101449275363
bupa;28922;512.0;5;0.6413455354236066;0.6640530925013683;475.8;0.9891238173591116;0.6529411764705882;658.0;0.9818840579710145
bupa;17892;512.0;5;0.6645819063201548;0.6873608830505382;500.8;0.9791772932949403;0.5789915966386554;785.0;0.9710144927536232
bupa;3325;512.0;5;0.6438186291461492;0.6539545703338806;79.4;0.515392842451666;0.5663865546218487;101.0;0.4891304347826087
bupa;70134;512.0;5;0.6656998826651133;0.6775725232621784;97.0;0.6014808720691074;0.5361344537815126;99.0;0.5579710144927537
bupa;32325;512.0;5;0.636444886172155;0.6487274220032841;194.8;0.5697737556561087;0.565546218487395;163.0;0.5942028985507246
bupa;15431;512.0;5;0.6356845246191749;0.6480842911877395;71.2;0.644911559029206;0.680672268907563;88.0;0.6376811594202898
bupa;48499;512.0;5;0.6871010471703876;0.6991242474001095;121.8;0.596013986013986;0.5949579831932773;131.0;0.5797101449275363
bupa;35634;512.0;5;0.6408315736983388;0.6525725232621784;75.8;0.6059893048128341;0.5495798319327732;83.0;0.5434782608695652
bupa;75916;512.0;5;0.6691325368775981;0.6811257069877759;86.2;0.6141341011929248;0.6100840336134454;114.0;0.605072463768116
bupa;52306;512.0;5;0.6960794901800502;0.7070516329137019;63.0;0.570662278897573;0.5819327731092437;71.0;0.5144927536231884
bupa;57556;512.0;5;0.656106464782274;0.6692574347746761;224.0;0.601489099136158;0.5647058823529412;377.0;0.6014492753623188
bupa;71476;512.0;5;0.636610927341922;0.649247400109469;114.2;0.6340888523241465;0.58109243697479;143.0;0.6557971014492754
bupa;46810;512.0;5;0.6662440385733885;0.6786033570516329;93.2;0.6304566022213082;0.638235294117647;120.0;0.5978260869565217
bupa;63495;512.0;5;0.6566996542521281;0.6682311621966794;84.4;0.5896503496503496;0.5659663865546218;105.0;0.5543478260869565
bupa;54551;512.0;5;0.671393005522338;0.682051632913702;61.2;0.5543562320032909;0.5794117647058823;64.0;0.463768115942029
bupa;10070;512.0;5;0.6382256095317211;0.6486909323116219;61.6;0.5434635952283011;0.5373949579831933;75.0;0.5144927536231884
bupa;59520;512.0;5;0.645839482631638;0.6559751870096698;58.2;0.5271575483340188;0.5651260504201681;69.0;0.5
bupa;71675;512.0;5;0.660259865521132;0.6726783433679986;144.8;0.6050555327025916;0.5647058823529412;152.0;0.532608695652174
bupa;49870;512.0;5;0.6947710609658313;0.7058794015690568;92.8;0.5616248457424928;0.5512605042016807;98.0;0.5253623188405797
bupa;98297;512.0;5;0.6548594151877069;0.6668491151249771;112.0;0.5996092143150966;0.6235294117647059;123.0;0.572463768115942
